<Objs Version="1.1.0.1" xmlns="http://schemas.microsoft.com/powershell/2004/04">
  <Obj RefId="0">
    <TN RefId="0">
      <T>Microsoft.PowerShell.Commands.PSRepositoryItemInfo</T>
      <T>System.Management.Automation.PSCustomObject</T>
      <T>System.Object</T>
    </TN>
    <MS>
      <S N="Name">AWS.Tools.AutoScaling</S>
      <S N="Version">4.1.14.0</S>
      <S N="Type">Module</S>
      <S N="Description">The AutoScaling module of AWS Tools for PowerShell lets developers and administrators manage AWS Auto Scaling from the PowerShell scripting environment. In order to manage each AWS service, install the corresponding module (e.g. AWS.Tools.EC2, AWS.Tools.S3...)._x000D__x000A_The module AWS.Tools.Installer (https://www.powershellgallery.com/packages/AWS.Tools.Installer/) makes it easier to install, update and uninstall the AWS.Tools modules._x000D__x000A_This version of AWS Tools for PowerShell is compatible with Windows PowerShell 5.1+ and PowerShell Core 6+ on Windows, Linux and macOS. When running on Windows PowerShell, .NET Framework 4.7.2 or newer is required. Alternative modules AWSPowerShell.NetCore and AWSPowerShell, provide support for all AWS services from a single module and also support older versions of Windows PowerShell and .NET Framework.</S>
      <S N="Author">Amazon.com Inc</S>
      <S N="CompanyName">aws-dotnet-sdk-team</S>
      <S N="Copyright">Copyright 2012-2021 Amazon.com, Inc. or its affiliates. All Rights Reserved.</S>
      <DT N="PublishedDate">2021-06-25T01:37:23+01:00</DT>
      <Nil N="InstalledDate" />
      <Nil N="UpdatedDate" />
      <URI N="LicenseUri">https://aws.amazon.com/apache-2-0/</URI>
      <URI N="ProjectUri">https://github.com/aws/aws-tools-for-powershell</URI>
      <URI N="IconUri">https://sdk-for-net.amazonwebservices.com/images/AWSLogo128x128.png</URI>
      <Obj N="Tags" RefId="1">
        <TN RefId="1">
          <T>System.Object[]</T>
          <T>System.Array</T>
          <T>System.Object</T>
        </TN>
        <LST>
          <S>AWS</S>
          <S>cloud</S>
          <S>Windows</S>
          <S>PSEdition_Desktop</S>
          <S>PSEdition_Core</S>
          <S>Linux</S>
          <S>MacOS</S>
          <S>Mac</S>
          <S>PSModule</S>
        </LST>
      </Obj>
      <Obj N="Includes" RefId="2">
        <TN RefId="2">
          <T>System.Collections.Hashtable</T>
          <T>System.Object</T>
        </TN>
        <DCT>
          <En>
            <S N="Key">Cmdlet</S>
            <Obj N="Value" RefId="3">
              <TNRef RefId="1" />
              <LST>
                <S>Add-ASLoadBalancer</S>
                <S>Add-ASLoadBalancerTargetGroup</S>
                <S>Complete-ASLifecycleAction</S>
                <S>Disable-ASMetricsCollection</S>
                <S>Dismount-ASInstance</S>
                <S>Dismount-ASLoadBalancer</S>
                <S>Dismount-ASLoadBalancerTargetGroup</S>
                <S>Enable-ASMetricsCollection</S>
                <S>Enter-ASStandby</S>
                <S>Exit-ASStandby</S>
                <S>Get-ASAccountLimit</S>
                <S>Get-ASAdjustmentType</S>
                <S>Get-ASAutoScalingGroup</S>
                <S>Get-ASAutoScalingInstance</S>
                <S>Get-ASAutoScalingNotificationType</S>
                <S>Get-ASInstanceRefresh</S>
                <S>Get-ASLaunchConfiguration</S>
                <S>Get-ASLifecycleHook</S>
                <S>Get-ASLifecycleHookType</S>
                <S>Get-ASLoadBalancer</S>
                <S>Get-ASLoadBalancerTargetGroup</S>
                <S>Get-ASMetricCollectionType</S>
                <S>Get-ASNotificationConfiguration</S>
                <S>Get-ASPolicy</S>
                <S>Get-ASPredictiveScalingForecast</S>
                <S>Get-ASScalingActivity</S>
                <S>Get-ASScalingProcessType</S>
                <S>Get-ASScheduledAction</S>
                <S>Get-ASTag</S>
                <S>Get-ASTerminationPolicyType</S>
                <S>Get-ASWarmPool</S>
                <S>Mount-ASInstance</S>
                <S>New-ASAutoScalingGroup</S>
                <S>New-ASLaunchConfiguration</S>
                <S>Remove-ASAutoScalingGroup</S>
                <S>Remove-ASLaunchConfiguration</S>
                <S>Remove-ASLifecycleHook</S>
                <S>Remove-ASNotificationConfiguration</S>
                <S>Remove-ASPolicy</S>
                <S>Remove-ASScheduledAction</S>
                <S>Remove-ASScheduledActionBatch</S>
                <S>Remove-ASTag</S>
                <S>Remove-ASWarmPool</S>
                <S>Resume-ASProcess</S>
                <S>Set-ASDesiredCapacity</S>
                <S>Set-ASInstanceHealth</S>
                <S>Set-ASInstanceProtection</S>
                <S>Set-ASScheduledUpdateGroupActionBatch</S>
                <S>Set-ASTag</S>
                <S>Start-ASInstanceRefresh</S>
                <S>Start-ASPolicy</S>
                <S>Stop-ASInstanceInAutoScalingGroup</S>
                <S>Stop-ASInstanceRefresh</S>
                <S>Suspend-ASProcess</S>
                <S>Update-ASAutoScalingGroup</S>
                <S>Write-ASLifecycleActionHeartbeat</S>
                <S>Write-ASLifecycleHook</S>
                <S>Write-ASNotificationConfiguration</S>
                <S>Write-ASScalingPolicy</S>
                <S>Write-ASScheduledUpdateGroupAction</S>
                <S>Write-ASWarmPool</S>
              </LST>
            </Obj>
          </En>
          <En>
            <S N="Key">Function</S>
            <Obj N="Value" RefId="4">
              <TNRef RefId="1" />
              <LST />
            </Obj>
          </En>
          <En>
            <S N="Key">Command</S>
            <Obj N="Value" RefId="5">
              <TNRef RefId="1" />
              <LST>
                <S>Add-ASLoadBalancer</S>
                <S>Add-ASLoadBalancerTargetGroup</S>
                <S>Complete-ASLifecycleAction</S>
                <S>Disable-ASMetricsCollection</S>
                <S>Dismount-ASInstance</S>
                <S>Dismount-ASLoadBalancer</S>
                <S>Dismount-ASLoadBalancerTargetGroup</S>
                <S>Enable-ASMetricsCollection</S>
                <S>Enter-ASStandby</S>
                <S>Exit-ASStandby</S>
                <S>Get-ASAccountLimit</S>
                <S>Get-ASAdjustmentType</S>
                <S>Get-ASAutoScalingGroup</S>
                <S>Get-ASAutoScalingInstance</S>
                <S>Get-ASAutoScalingNotificationType</S>
                <S>Get-ASInstanceRefresh</S>
                <S>Get-ASLaunchConfiguration</S>
                <S>Get-ASLifecycleHook</S>
                <S>Get-ASLifecycleHookType</S>
                <S>Get-ASLoadBalancer</S>
                <S>Get-ASLoadBalancerTargetGroup</S>
                <S>Get-ASMetricCollectionType</S>
                <S>Get-ASNotificationConfiguration</S>
                <S>Get-ASPolicy</S>
                <S>Get-ASPredictiveScalingForecast</S>
                <S>Get-ASScalingActivity</S>
                <S>Get-ASScalingProcessType</S>
                <S>Get-ASScheduledAction</S>
                <S>Get-ASTag</S>
                <S>Get-ASTerminationPolicyType</S>
                <S>Get-ASWarmPool</S>
                <S>Mount-ASInstance</S>
                <S>New-ASAutoScalingGroup</S>
                <S>New-ASLaunchConfiguration</S>
                <S>Remove-ASAutoScalingGroup</S>
                <S>Remove-ASLaunchConfiguration</S>
                <S>Remove-ASLifecycleHook</S>
                <S>Remove-ASNotificationConfiguration</S>
                <S>Remove-ASPolicy</S>
                <S>Remove-ASScheduledAction</S>
                <S>Remove-ASScheduledActionBatch</S>
                <S>Remove-ASTag</S>
                <S>Remove-ASWarmPool</S>
                <S>Resume-ASProcess</S>
                <S>Set-ASDesiredCapacity</S>
                <S>Set-ASInstanceHealth</S>
                <S>Set-ASInstanceProtection</S>
                <S>Set-ASScheduledUpdateGroupActionBatch</S>
                <S>Set-ASTag</S>
                <S>Start-ASInstanceRefresh</S>
                <S>Start-ASPolicy</S>
                <S>Stop-ASInstanceInAutoScalingGroup</S>
                <S>Stop-ASInstanceRefresh</S>
                <S>Suspend-ASProcess</S>
                <S>Update-ASAutoScalingGroup</S>
                <S>Write-ASLifecycleActionHeartbeat</S>
                <S>Write-ASLifecycleHook</S>
                <S>Write-ASNotificationConfiguration</S>
                <S>Write-ASScalingPolicy</S>
                <S>Write-ASScheduledUpdateGroupAction</S>
                <S>Write-ASWarmPool</S>
              </LST>
            </Obj>
          </En>
          <En>
            <S N="Key">RoleCapability</S>
            <Ref N="Value" RefId="4" />
          </En>
          <En>
            <S N="Key">Workflow</S>
            <Ref N="Value" RefId="4" />
          </En>
          <En>
            <S N="Key">DscResource</S>
            <Ref N="Value" RefId="4" />
          </En>
        </DCT>
      </Obj>
      <Nil N="PowerShellGetFormatVersion" />
      <S N="ReleaseNotes">https://github.com/aws/aws-tools-for-powershell/blob/master/CHANGELOG.md</S>
      <Obj N="Dependencies" RefId="6">
        <TNRef RefId="1" />
        <LST>
          <Obj RefId="7">
            <TN RefId="3">
              <T>System.Collections.Specialized.OrderedDictionary</T>
              <T>System.Object</T>
            </TN>
            <DCT>
              <En>
                <S N="Key">Name</S>
                <S N="Value">AWS.Tools.Common</S>
              </En>
              <En>
                <S N="Key">RequiredVersion</S>
                <S N="Value">4.1.14</S>
              </En>
              <En>
                <S N="Key">CanonicalId</S>
                <S N="Value">nuget:AWS.Tools.Common/[4.1.14]</S>
              </En>
            </DCT>
          </Obj>
        </LST>
      </Obj>
      <S N="RepositorySourceLocation">https://www.powershellgallery.com/api/v2</S>
      <S N="Repository">PSGallery</S>
      <S N="PackageManagementProvider">NuGet</S>
      <Obj N="AdditionalMetadata" RefId="8">
        <TN RefId="4">
          <T>System.Management.Automation.PSCustomObject</T>
          <T>System.Object</T>
        </TN>
        <MS>
          <S N="copyright">Copyright 2012-2021 Amazon.com, Inc. or its affiliates. All Rights Reserved.</S>
          <S N="description">The AutoScaling module of AWS Tools for PowerShell lets developers and administrators manage AWS Auto Scaling from the PowerShell scripting environment. In order to manage each AWS service, install the corresponding module (e.g. AWS.Tools.EC2, AWS.Tools.S3...)._x000D__x000A_The module AWS.Tools.Installer (https://www.powershellgallery.com/packages/AWS.Tools.Installer/) makes it easier to install, update and uninstall the AWS.Tools modules._x000D__x000A_This version of AWS Tools for PowerShell is compatible with Windows PowerShell 5.1+ and PowerShell Core 6+ on Windows, Linux and macOS. When running on Windows PowerShell, .NET Framework 4.7.2 or newer is required. Alternative modules AWSPowerShell.NetCore and AWSPowerShell, provide support for all AWS services from a single module and also support older versions of Windows PowerShell and .NET Framework.</S>
          <S N="requireLicenseAcceptance">False</S>
          <S N="releaseNotes">https://github.com/aws/aws-tools-for-powershell/blob/master/CHANGELOG.md</S>
          <S N="isLatestVersion">True</S>
          <S N="isAbsoluteLatestVersion">True</S>
          <S N="versionDownloadCount">4470</S>
          <S N="downloadCount">23794</S>
          <S N="packageSize">306574</S>
          <S N="published">25/06/2021 01:37:23 +01:00</S>
          <S N="created">25/06/2021 01:37:23 +01:00</S>
          <S N="lastUpdated">10/09/2021 11:27:13 +01:00</S>
          <S N="tags">AWS cloud Windows PSEdition_Desktop PSEdition_Core Linux MacOS Mac PSModule PSCmdlet_Add-ASLoadBalancer PSCommand_Add-ASLoadBalancer PSCmdlet_Add-ASLoadBalancerTargetGroup PSCommand_Add-ASLoadBalancerTargetGroup PSCmdlet_Complete-ASLifecycleAction PSCommand_Complete-ASLifecycleAction PSCmdlet_Disable-ASMetricsCollection PSCommand_Disable-ASMetricsCollection PSCmdlet_Dismount-ASInstance PSCommand_Dismount-ASInstance PSCmdlet_Dismount-ASLoadBalancer PSCommand_Dismount-ASLoadBalancer PSCmdlet_Dismount-ASLoadBalancerTargetGroup PSCommand_Dismount-ASLoadBalancerTargetGroup PSCmdlet_Enable-ASMetricsCollection PSCommand_Enable-ASMetricsCollection PSCmdlet_Enter-ASStandby PSCommand_Enter-ASStandby PSCmdlet_Exit-ASStandby PSCommand_Exit-ASStandby PSCmdlet_Get-ASAccountLimit PSCommand_Get-ASAccountLimit PSCmdlet_Get-ASAdjustmentType PSCommand_Get-ASAdjustmentType PSCmdlet_Get-ASAutoScalingGroup PSCommand_Get-ASAutoScalingGroup PSCmdlet_Get-ASAutoScalingInstance PSCommand_Get-ASAutoScalingInstance PSCmdlet_Get-ASAutoScalingNotificationType PSCommand_Get-ASAutoScalingNotificationType PSCmdlet_Get-ASInstanceRefresh PSCommand_Get-ASInstanceRefresh PSCmdlet_Get-ASLaunchConfiguration PSCommand_Get-ASLaunchConfiguration PSCmdlet_Get-ASLifecycleHook PSCommand_Get-ASLifecycleHook PSCmdlet_Get-ASLifecycleHookType PSCommand_Get-ASLifecycleHookType PSCmdlet_Get-ASLoadBalancer PSCommand_Get-ASLoadBalancer PSCmdlet_Get-ASLoadBalancerTargetGroup PSCommand_Get-ASLoadBalancerTargetGroup PSCmdlet_Get-ASMetricCollectionType PSCommand_Get-ASMetricCollectionType PSCmdlet_Get-ASNotificationConfiguration PSCommand_Get-ASNotificationConfiguration PSCmdlet_Get-ASPolicy PSCommand_Get-ASPolicy PSCmdlet_Get-ASPredictiveScalingForecast PSCommand_Get-ASPredictiveScalingForecast PSCmdlet_Get-ASScalingActivity PSCommand_Get-ASScalingActivity PSCmdlet_Get-ASScalingProcessType PSCommand_Get-ASScalingProcessType PSCmdlet_Get-ASScheduledAction PSCommand_Get-ASScheduledAction PSCmdlet_Get-ASTag PSCommand_Get-ASTag PSCmdlet_Get-ASTerminationPolicyType PSCommand_Get-ASTerminationPolicyType PSCmdlet_Get-ASWarmPool PSCommand_Get-ASWarmPool PSCmdlet_Mount-ASInstance PSCommand_Mount-ASInstance PSCmdlet_New-ASAutoScalingGroup PSCommand_New-ASAutoScalingGroup PSCmdlet_New-ASLaunchConfiguration PSCommand_New-ASLaunchConfiguration PSCmdlet_Remove-ASAutoScalingGroup PSCommand_Remove-ASAutoScalingGroup PSCmdlet_Remove-ASLaunchConfiguration PSCommand_Remove-ASLaunchConfiguration PSCmdlet_Remove-ASLifecycleHook PSCommand_Remove-ASLifecycleHook PSCmdlet_Remove-ASNotificationConfiguration PSCommand_Remove-ASNotificationConfiguration PSCmdlet_Remove-ASPolicy PSCommand_Remove-ASPolicy PSCmdlet_Remove-ASScheduledAction PSCommand_Remove-ASScheduledAction PSCmdlet_Remove-ASScheduledActionBatch PSCommand_Remove-ASScheduledActionBatch PSCmdlet_Remove-ASTag PSCommand_Remove-ASTag PSCmdlet_Remove-ASWarmPool PSCommand_Remove-ASWarmPool PSCmdlet_Resume-ASProcess PSCommand_Resume-ASProcess PSCmdlet_Set-ASDesiredCapacity PSCommand_Set-ASDesiredCapacity PSCmdlet_Set-ASInstanceHealth PSCommand_Set-ASInstanceHealth PSCmdlet_Set-ASInstanceProtection PSCommand_Set-ASInstanceProtection PSCmdlet_Set-ASScheduledUpdateGroupActionBatch PSCommand_Set-ASScheduledUpdateGroupActionBatch PSCmdlet_Set-ASTag PSCommand_Set-ASTag PSCmdlet_Start-ASInstanceRefresh PSCommand_Start-ASInstanceRefresh PSCmdlet_Start-ASPolicy PSCommand_Start-ASPolicy PSCmdlet_Stop-ASInstanceInAutoScalingGroup PSCommand_Stop-ASInstanceInAutoScalingGroup PSCmdlet_Stop-ASInstanceRefresh PSCommand_Stop-ASInstanceRefresh PSCmdlet_Suspend-ASProcess PSCommand_Suspend-ASProcess PSCmdlet_Update-ASAutoScalingGroup PSCommand_Update-ASAutoScalingGroup PSCmdlet_Write-ASLifecycleActionHeartbeat PSCommand_Write-ASLifecycleActionHeartbeat PSCmdlet_Write-ASLifecycleHook PSCommand_Write-ASLifecycleHook PSCmdlet_Write-ASNotificationConfiguration PSCommand_Write-ASNotificationConfiguration PSCmdlet_Write-ASScalingPolicy PSCommand_Write-ASScalingPolicy PSCmdlet_Write-ASScheduledUpdateGroupAction PSCommand_Write-ASScheduledUpdateGroupAction PSCmdlet_Write-ASWarmPool PSCommand_Write-ASWarmPool PSIncludes_Cmdlet</S>
          <S N="developmentDependency">False</S>
          <S N="updated">2021-09-10T11:27:13Z</S>
          <S N="NormalizedVersion">4.1.14</S>
          <S N="Authors">Amazon.com Inc</S>
          <S N="IsPrerelease">false</S>
          <S N="ItemType">Module</S>
          <S N="FileList">AWS.Tools.AutoScaling.nuspec|AWS.Tools.AutoScaling.Aliases.psm1|AWS.Tools.AutoScaling.Completers.psm1|AWS.Tools.AutoScaling.dll|AWS.Tools.AutoScaling.dll-Help.xml|AWS.Tools.AutoScaling.Format.ps1xml|AWS.Tools.AutoScaling.psd1|AWS.Tools.AutoScaling.XML|AWSSDK.AutoScaling.dll</S>
          <S N="GUID">db1bebf4-f2b3-4ad1-a7f5-02a6a7effb87</S>
          <S N="PowerShellVersion">5.1</S>
          <S N="DotNetFrameworkVersion">4.7.2</S>
          <S N="CompanyName">Amazon.com, Inc</S>
        </MS>
      </Obj>
      <S N="InstalledLocation">C:\Users\george\AppData\Local\Temp\manage_asg\Modules\AWS.Tools.AutoScaling\4.1.14.0</S>
    </MS>
  </Obj>
</Objs>
