<Objs Version="1.1.0.1" xmlns="http://schemas.microsoft.com/powershell/2004/04">
  <Obj RefId="0">
    <TN RefId="0">
      <T>Microsoft.PowerShell.Commands.PSRepositoryItemInfo</T>
      <T>System.Management.Automation.PSCustomObject</T>
      <T>System.Object</T>
    </TN>
    <MS>
      <S N="Name">AWS.Tools.SecretsManager</S>
      <S N="Version">4.1.14.0</S>
      <S N="Type">Module</S>
      <S N="Description">The SecretsManager module of AWS Tools for PowerShell lets developers and administrators manage AWS Secrets Manager from the PowerShell scripting environment. In order to manage each AWS service, install the corresponding module (e.g. AWS.Tools.EC2, AWS.Tools.S3...)._x000D__x000A_The module AWS.Tools.Installer (https://www.powershellgallery.com/packages/AWS.Tools.Installer/) makes it easier to install, update and uninstall the AWS.Tools modules._x000D__x000A_This version of AWS Tools for PowerShell is compatible with Windows PowerShell 5.1+ and PowerShell Core 6+ on Windows, Linux and macOS. When running on Windows PowerShell, .NET Framework 4.7.2 or newer is required. Alternative modules AWSPowerShell.NetCore and AWSPowerShell, provide support for all AWS services from a single module and also support older versions of Windows PowerShell and .NET Framework.</S>
      <S N="Author">Amazon.com Inc</S>
      <S N="CompanyName">aws-dotnet-sdk-team</S>
      <S N="Copyright">Copyright 2012-2021 Amazon.com, Inc. or its affiliates. All Rights Reserved.</S>
      <DT N="PublishedDate">2021-06-25T02:02:44+01:00</DT>
      <Nil N="InstalledDate" />
      <Nil N="UpdatedDate" />
      <URI N="LicenseUri">https://aws.amazon.com/apache-2-0/</URI>
      <URI N="ProjectUri">https://github.com/aws/aws-tools-for-powershell</URI>
      <URI N="IconUri">https://sdk-for-net.amazonwebservices.com/images/AWSLogo128x128.png</URI>
      <Obj N="Tags" RefId="1">
        <TN RefId="1">
          <T>System.Object[]</T>
          <T>System.Array</T>
          <T>System.Object</T>
        </TN>
        <LST>
          <S>AWS</S>
          <S>cloud</S>
          <S>Windows</S>
          <S>PSEdition_Desktop</S>
          <S>PSEdition_Core</S>
          <S>Linux</S>
          <S>MacOS</S>
          <S>Mac</S>
          <S>PSModule</S>
        </LST>
      </Obj>
      <Obj N="Includes" RefId="2">
        <TN RefId="2">
          <T>System.Collections.Hashtable</T>
          <T>System.Object</T>
        </TN>
        <DCT>
          <En>
            <S N="Key">Cmdlet</S>
            <Obj N="Value" RefId="3">
              <TNRef RefId="1" />
              <LST>
                <S>Add-SECResourceTag</S>
                <S>Add-SECSecretToRegion</S>
                <S>Get-SECRandomPassword</S>
                <S>Get-SECResourcePolicy</S>
                <S>Get-SECSecret</S>
                <S>Get-SECSecretList</S>
                <S>Get-SECSecretValue</S>
                <S>Get-SECSecretVersionIdList</S>
                <S>Invoke-SECSecretRotation</S>
                <S>New-SECSecret</S>
                <S>Remove-SECRegionsFromReplication</S>
                <S>Remove-SECResourcePolicy</S>
                <S>Remove-SECResourceTag</S>
                <S>Remove-SECSecret</S>
                <S>Restore-SECSecret</S>
                <S>Stop-SECReplicationToReplica</S>
                <S>Stop-SECSecretRotation</S>
                <S>Test-SECResourcePolicy</S>
                <S>Update-SECSecret</S>
                <S>Update-SECSecretVersionStage</S>
                <S>Write-SECResourcePolicy</S>
                <S>Write-SECSecretValue</S>
              </LST>
            </Obj>
          </En>
          <En>
            <S N="Key">Function</S>
            <Obj N="Value" RefId="4">
              <TNRef RefId="1" />
              <LST />
            </Obj>
          </En>
          <En>
            <S N="Key">Command</S>
            <Obj N="Value" RefId="5">
              <TNRef RefId="1" />
              <LST>
                <S>Add-SECResourceTag</S>
                <S>Add-SECSecretToRegion</S>
                <S>Get-SECRandomPassword</S>
                <S>Get-SECResourcePolicy</S>
                <S>Get-SECSecret</S>
                <S>Get-SECSecretList</S>
                <S>Get-SECSecretValue</S>
                <S>Get-SECSecretVersionIdList</S>
                <S>Invoke-SECSecretRotation</S>
                <S>New-SECSecret</S>
                <S>Remove-SECRegionsFromReplication</S>
                <S>Remove-SECResourcePolicy</S>
                <S>Remove-SECResourceTag</S>
                <S>Remove-SECSecret</S>
                <S>Restore-SECSecret</S>
                <S>Stop-SECReplicationToReplica</S>
                <S>Stop-SECSecretRotation</S>
                <S>Test-SECResourcePolicy</S>
                <S>Update-SECSecret</S>
                <S>Update-SECSecretVersionStage</S>
                <S>Write-SECResourcePolicy</S>
                <S>Write-SECSecretValue</S>
              </LST>
            </Obj>
          </En>
          <En>
            <S N="Key">RoleCapability</S>
            <Ref N="Value" RefId="4" />
          </En>
          <En>
            <S N="Key">Workflow</S>
            <Ref N="Value" RefId="4" />
          </En>
          <En>
            <S N="Key">DscResource</S>
            <Ref N="Value" RefId="4" />
          </En>
        </DCT>
      </Obj>
      <Nil N="PowerShellGetFormatVersion" />
      <S N="ReleaseNotes">https://github.com/aws/aws-tools-for-powershell/blob/master/CHANGELOG.md</S>
      <Obj N="Dependencies" RefId="6">
        <TNRef RefId="1" />
        <LST>
          <Obj RefId="7">
            <TN RefId="3">
              <T>System.Collections.Specialized.OrderedDictionary</T>
              <T>System.Object</T>
            </TN>
            <DCT>
              <En>
                <S N="Key">Name</S>
                <S N="Value">AWS.Tools.Common</S>
              </En>
              <En>
                <S N="Key">RequiredVersion</S>
                <S N="Value">4.1.14</S>
              </En>
              <En>
                <S N="Key">CanonicalId</S>
                <S N="Value">nuget:AWS.Tools.Common/[4.1.14]</S>
              </En>
            </DCT>
          </Obj>
        </LST>
      </Obj>
      <S N="RepositorySourceLocation">https://www.powershellgallery.com/api/v2</S>
      <S N="Repository">PSGallery</S>
      <S N="PackageManagementProvider">NuGet</S>
      <Obj N="AdditionalMetadata" RefId="8">
        <TN RefId="4">
          <T>System.Management.Automation.PSCustomObject</T>
          <T>System.Object</T>
        </TN>
        <MS>
          <S N="copyright">Copyright 2012-2021 Amazon.com, Inc. or its affiliates. All Rights Reserved.</S>
          <S N="description">The SecretsManager module of AWS Tools for PowerShell lets developers and administrators manage AWS Secrets Manager from the PowerShell scripting environment. In order to manage each AWS service, install the corresponding module (e.g. AWS.Tools.EC2, AWS.Tools.S3...)._x000D__x000A_The module AWS.Tools.Installer (https://www.powershellgallery.com/packages/AWS.Tools.Installer/) makes it easier to install, update and uninstall the AWS.Tools modules._x000D__x000A_This version of AWS Tools for PowerShell is compatible with Windows PowerShell 5.1+ and PowerShell Core 6+ on Windows, Linux and macOS. When running on Windows PowerShell, .NET Framework 4.7.2 or newer is required. Alternative modules AWSPowerShell.NetCore and AWSPowerShell, provide support for all AWS services from a single module and also support older versions of Windows PowerShell and .NET Framework.</S>
          <S N="requireLicenseAcceptance">False</S>
          <S N="releaseNotes">https://github.com/aws/aws-tools-for-powershell/blob/master/CHANGELOG.md</S>
          <S N="isLatestVersion">True</S>
          <S N="isAbsoluteLatestVersion">True</S>
          <S N="versionDownloadCount">68425</S>
          <S N="downloadCount">188468</S>
          <S N="packageSize">145337</S>
          <S N="published">25/06/2021 02:02:44 +01:00</S>
          <S N="created">25/06/2021 02:02:44 +01:00</S>
          <S N="lastUpdated">10/09/2021 11:24:48 +01:00</S>
          <S N="tags">AWS cloud Windows PSEdition_Desktop PSEdition_Core Linux MacOS Mac PSModule PSCmdlet_Add-SECResourceTag PSCommand_Add-SECResourceTag PSCmdlet_Add-SECSecretToRegion PSCommand_Add-SECSecretToRegion PSCmdlet_Get-SECRandomPassword PSCommand_Get-SECRandomPassword PSCmdlet_Get-SECResourcePolicy PSCommand_Get-SECResourcePolicy PSCmdlet_Get-SECSecret PSCommand_Get-SECSecret PSCmdlet_Get-SECSecretList PSCommand_Get-SECSecretList PSCmdlet_Get-SECSecretValue PSCommand_Get-SECSecretValue PSCmdlet_Get-SECSecretVersionIdList PSCommand_Get-SECSecretVersionIdList PSCmdlet_Invoke-SECSecretRotation PSCommand_Invoke-SECSecretRotation PSCmdlet_New-SECSecret PSCommand_New-SECSecret PSCmdlet_Remove-SECRegionsFromReplication PSCommand_Remove-SECRegionsFromReplication PSCmdlet_Remove-SECResourcePolicy PSCommand_Remove-SECResourcePolicy PSCmdlet_Remove-SECResourceTag PSCommand_Remove-SECResourceTag PSCmdlet_Remove-SECSecret PSCommand_Remove-SECSecret PSCmdlet_Restore-SECSecret PSCommand_Restore-SECSecret PSCmdlet_Stop-SECReplicationToReplica PSCommand_Stop-SECReplicationToReplica PSCmdlet_Stop-SECSecretRotation PSCommand_Stop-SECSecretRotation PSCmdlet_Test-SECResourcePolicy PSCommand_Test-SECResourcePolicy PSCmdlet_Update-SECSecret PSCommand_Update-SECSecret PSCmdlet_Update-SECSecretVersionStage PSCommand_Update-SECSecretVersionStage PSCmdlet_Write-SECResourcePolicy PSCommand_Write-SECResourcePolicy PSCmdlet_Write-SECSecretValue PSCommand_Write-SECSecretValue PSIncludes_Cmdlet</S>
          <S N="developmentDependency">False</S>
          <S N="updated">2021-09-10T11:24:48Z</S>
          <S N="NormalizedVersion">4.1.14</S>
          <S N="Authors">Amazon.com Inc</S>
          <S N="IsPrerelease">false</S>
          <S N="ItemType">Module</S>
          <S N="FileList">AWS.Tools.SecretsManager.nuspec|AWS.Tools.SecretsManager.Aliases.psm1|AWS.Tools.SecretsManager.Completers.psm1|AWS.Tools.SecretsManager.dll|AWS.Tools.SecretsManager.dll-Help.xml|AWS.Tools.SecretsManager.Format.ps1xml|AWS.Tools.SecretsManager.psd1|AWS.Tools.SecretsManager.XML|AWSSDK.SecretsManager.dll</S>
          <S N="GUID">d16e3d6d-03b4-482c-9456-8061f33ebd3e</S>
          <S N="PowerShellVersion">5.1</S>
          <S N="DotNetFrameworkVersion">4.7.2</S>
          <S N="CompanyName">Amazon.com, Inc</S>
        </MS>
      </Obj>
      <S N="InstalledLocation">C:\Users\george\AppData\Local\Temp\manage_asg\Modules\AWS.Tools.SecretsManager\4.1.14.0</S>
    </MS>
  </Obj>
</Objs>
