<Objs Version="1.1.0.1" xmlns="http://schemas.microsoft.com/powershell/2004/04">
  <Obj RefId="0">
    <TN RefId="0">
      <T>Microsoft.PowerShell.Commands.PSRepositoryItemInfo</T>
      <T>System.Management.Automation.PSCustomObject</T>
      <T>System.Object</T>
    </TN>
    <MS>
      <S N="Name">AWS.Tools.EC2</S>
      <S N="Version">4.1.14.0</S>
      <S N="Type">Module</S>
      <S N="Description">The EC2 module of AWS Tools for PowerShell lets developers and administrators manage Amazon Elastic Compute Cloud (EC2) from the PowerShell scripting environment. In order to manage each AWS service, install the corresponding module (e.g. AWS.Tools.EC2, AWS.Tools.S3...)._x000D__x000A_The module AWS.Tools.Installer (https://www.powershellgallery.com/packages/AWS.Tools.Installer/) makes it easier to install, update and uninstall the AWS.Tools modules._x000D__x000A_This version of AWS Tools for PowerShell is compatible with Windows PowerShell 5.1+ and PowerShell Core 6+ on Windows, Linux and macOS. When running on Windows PowerShell, .NET Framework 4.7.2 or newer is required. Alternative modules AWSPowerShell.NetCore and AWSPowerShell, provide support for all AWS services from a single module and also support older versions of Windows PowerShell and .NET Framework.</S>
      <S N="Author">Amazon.com Inc</S>
      <S N="CompanyName">aws-dotnet-sdk-team</S>
      <S N="Copyright">Copyright 2012-2021 Amazon.com, Inc. or its affiliates. All Rights Reserved.</S>
      <DT N="PublishedDate">2021-06-25T01:46:44+01:00</DT>
      <Nil N="InstalledDate" />
      <Nil N="UpdatedDate" />
      <URI N="LicenseUri">https://aws.amazon.com/apache-2-0/</URI>
      <URI N="ProjectUri">https://github.com/aws/aws-tools-for-powershell</URI>
      <URI N="IconUri">https://sdk-for-net.amazonwebservices.com/images/AWSLogo128x128.png</URI>
      <Obj N="Tags" RefId="1">
        <TN RefId="1">
          <T>System.Object[]</T>
          <T>System.Array</T>
          <T>System.Object</T>
        </TN>
        <LST>
          <S>AWS</S>
          <S>cloud</S>
          <S>Windows</S>
          <S>PSEdition_Desktop</S>
          <S>PSEdition_Core</S>
          <S>Linux</S>
          <S>MacOS</S>
          <S>Mac</S>
          <S>PSModule</S>
        </LST>
      </Obj>
      <Obj N="Includes" RefId="2">
        <TN RefId="2">
          <T>System.Collections.Hashtable</T>
          <T>System.Object</T>
        </TN>
        <DCT>
          <En>
            <S N="Key">Cmdlet</S>
            <Obj N="Value" RefId="3">
              <TNRef RefId="1" />
              <LST>
                <S>Add-EC2CapacityReservation</S>
                <S>Add-EC2ClassicLinkVpc</S>
                <S>Add-EC2InternetGateway</S>
                <S>Add-EC2NetworkInterface</S>
                <S>Add-EC2SecurityGroupToClientVpnTargetNetwork</S>
                <S>Add-EC2Volume</S>
                <S>Add-EC2VpnGateway</S>
                <S>Approve-EC2EndpointConnection</S>
                <S>Approve-EC2ReservedInstancesExchangeQuote</S>
                <S>Approve-EC2TransitGatewayMulticastDomainAssociation</S>
                <S>Approve-EC2TransitGatewayPeeringAttachment</S>
                <S>Approve-EC2TransitGatewayVpcAttachment</S>
                <S>Approve-EC2VpcPeeringConnection</S>
                <S>Confirm-EC2ProductInstance</S>
                <S>Copy-EC2FpgaImage</S>
                <S>Copy-EC2Image</S>
                <S>Copy-EC2Snapshot</S>
                <S>Deny-EC2EndpointConnection</S>
                <S>Deny-EC2TransitGatewayMulticastDomainAssociation</S>
                <S>Deny-EC2TransitGatewayPeeringAttachment</S>
                <S>Deny-EC2TransitGatewayVpcAttachment</S>
                <S>Deny-EC2VpcPeeringConnection</S>
                <S>Disable-EC2EbsEncryptionByDefault</S>
                <S>Disable-EC2FastSnapshotRestore</S>
                <S>Disable-EC2ImageDeprecation</S>
                <S>Disable-EC2SerialConsoleAccess</S>
                <S>Disable-EC2TransitGatewayRouteTablePropagation</S>
                <S>Disable-EC2VgwRoutePropagation</S>
                <S>Disable-EC2VpcClassicLink</S>
                <S>Disable-EC2VpcClassicLinkDnsSupport</S>
                <S>Dismount-EC2ClassicLinkVpc</S>
                <S>Dismount-EC2InternetGateway</S>
                <S>Dismount-EC2NetworkInterface</S>
                <S>Dismount-EC2Volume</S>
                <S>Dismount-EC2VpnGateway</S>
                <S>Edit-EC2AddressAttribute</S>
                <S>Edit-EC2AvailabilityZoneGroup</S>
                <S>Edit-EC2CapacityReservation</S>
                <S>Edit-EC2ClientVpnEndpoint</S>
                <S>Edit-EC2DefaultCreditSpecification</S>
                <S>Edit-EC2EbsDefaultKmsKeyId</S>
                <S>Edit-EC2EndpointServicePermission</S>
                <S>Edit-EC2Fleet</S>
                <S>Edit-EC2FpgaImageAttribute</S>
                <S>Edit-EC2Host</S>
                <S>Edit-EC2IdentityIdFormat</S>
                <S>Edit-EC2IdFormat</S>
                <S>Edit-EC2ImageAttribute</S>
                <S>Edit-EC2InstanceAttribute</S>
                <S>Edit-EC2InstanceCapacityReservationAttribute</S>
                <S>Edit-EC2InstanceCreditSpecification</S>
                <S>Edit-EC2InstanceEventStartTime</S>
                <S>Edit-EC2InstanceMetadataOption</S>
                <S>Edit-EC2InstancePlacement</S>
                <S>Edit-EC2LaunchTemplate</S>
                <S>Edit-EC2ManagedPrefixList</S>
                <S>Edit-EC2NetworkInterfaceAttribute</S>
                <S>Edit-EC2ReservedInstance</S>
                <S>Edit-EC2SnapshotAttribute</S>
                <S>Edit-EC2SpotFleetRequest</S>
                <S>Edit-EC2SubnetAttribute</S>
                <S>Edit-EC2TrafficMirrorFilterNetworkService</S>
                <S>Edit-EC2TrafficMirrorFilterRule</S>
                <S>Edit-EC2TrafficMirrorSession</S>
                <S>Edit-EC2TransitGateway</S>
                <S>Edit-EC2TransitGatewayPrefixListReference</S>
                <S>Edit-EC2TransitGatewayVpcAttachment</S>
                <S>Edit-EC2Volume</S>
                <S>Edit-EC2VolumeAttribute</S>
                <S>Edit-EC2VpcAttribute</S>
                <S>Edit-EC2VpcEndpoint</S>
                <S>Edit-EC2VpcEndpointConnectionNotification</S>
                <S>Edit-EC2VpcEndpointServiceConfiguration</S>
                <S>Edit-EC2VpcPeeringConnectionOption</S>
                <S>Edit-EC2VpcTenancy</S>
                <S>Edit-EC2VpnConnection</S>
                <S>Edit-EC2VpnConnectionOption</S>
                <S>Edit-EC2VpnTunnelCertificate</S>
                <S>Edit-EC2VpnTunnelOption</S>
                <S>Enable-EC2EbsEncryptionByDefault</S>
                <S>Enable-EC2FastSnapshotRestore</S>
                <S>Enable-EC2ImageDeprecation</S>
                <S>Enable-EC2SerialConsoleAccess</S>
                <S>Enable-EC2TransitGatewayRouteTablePropagation</S>
                <S>Enable-EC2VgwRoutePropagation</S>
                <S>Enable-EC2VolumeIO</S>
                <S>Enable-EC2VpcClassicLink</S>
                <S>Enable-EC2VpcClassicLinkDnsSupport</S>
                <S>Export-EC2ClientVpnClientCertificateRevocationList</S>
                <S>Export-EC2ClientVpnClientConfiguration</S>
                <S>Export-EC2Image</S>
                <S>Export-EC2TransitGatewayRoute</S>
                <S>Get-EC2AccountAttribute</S>
                <S>Get-EC2Address</S>
                <S>Get-EC2AddressesAttribute</S>
                <S>Get-EC2AggregateIdFormat</S>
                <S>Get-EC2AssociatedEnclaveCertificateIamRole</S>
                <S>Get-EC2AssociatedIpv6PoolCidr</S>
                <S>Get-EC2AvailabilityZone</S>
                <S>Get-EC2BundleTask</S>
                <S>Get-EC2ByoipCidr</S>
                <S>Get-EC2CapacityReservation</S>
                <S>Get-EC2CapacityReservationUsage</S>
                <S>Get-EC2CarrierGateway</S>
                <S>Get-EC2ClassicLinkInstance</S>
                <S>Get-EC2ClientVpnAuthorizationRule</S>
                <S>Get-EC2ClientVpnConnection</S>
                <S>Get-EC2ClientVpnEndpoint</S>
                <S>Get-EC2ClientVpnRoute</S>
                <S>Get-EC2ClientVpnTargetNetwork</S>
                <S>Get-EC2CoipPool</S>
                <S>Get-EC2CoipPoolUsage</S>
                <S>Get-EC2ConsoleOutput</S>
                <S>Get-EC2ConsoleScreenshot</S>
                <S>Get-EC2CreditSpecification</S>
                <S>Get-EC2CustomerGateway</S>
                <S>Get-EC2DefaultCreditSpecification</S>
                <S>Get-EC2DhcpOption</S>
                <S>Get-EC2EbsDefaultKmsKeyId</S>
                <S>Get-EC2EbsEncryptionByDefault</S>
                <S>Get-EC2EgressOnlyInternetGatewayList</S>
                <S>Get-EC2ElasticGpu</S>
                <S>Get-EC2EndpointConnection</S>
                <S>Get-EC2EndpointConnectionNotification</S>
                <S>Get-EC2EndpointServiceConfiguration</S>
                <S>Get-EC2EndpointServicePermission</S>
                <S>Get-EC2ExportImageTask</S>
                <S>Get-EC2ExportTask</S>
                <S>Get-EC2FastSnapshotRestore</S>
                <S>Get-EC2FleetHistory</S>
                <S>Get-EC2FleetInstanceList</S>
                <S>Get-EC2FleetList</S>
                <S>Get-EC2FlowLog</S>
                <S>Get-EC2FlowLogsIntegrationTemplate</S>
                <S>Get-EC2FpgaImage</S>
                <S>Get-EC2FpgaImageAttribute</S>
                <S>Get-EC2GroupsForCapacityReservation</S>
                <S>Get-EC2Host</S>
                <S>Get-EC2HostReservation</S>
                <S>Get-EC2HostReservationOffering</S>
                <S>Get-EC2HostReservationPurchasePreview</S>
                <S>Get-EC2IamInstanceProfileAssociation</S>
                <S>Get-EC2IdentityIdFormat</S>
                <S>Get-EC2IdFormat</S>
                <S>Get-EC2Image</S>
                <S>Get-EC2ImageAttribute</S>
                <S>Get-EC2ImageByName</S>
                <S>Get-EC2ImportImageTask</S>
                <S>Get-EC2ImportSnapshotTask</S>
                <S>Get-EC2Instance</S>
                <S>Get-EC2InstanceAttribute</S>
                <S>Get-EC2InstanceEventNotificationAttribute</S>
                <S>Get-EC2InstanceMetadata</S>
                <S>Get-EC2InstanceStatus</S>
                <S>Get-EC2InstanceType</S>
                <S>Get-EC2InstanceTypeOffering</S>
                <S>Get-EC2InternetGateway</S>
                <S>Get-EC2Ipv6Pool</S>
                <S>Get-EC2KeyPair</S>
                <S>Get-EC2LaunchTemplateData</S>
                <S>Get-EC2LocalGateway</S>
                <S>Get-EC2LocalGatewayRouteTable</S>
                <S>Get-EC2LocalGatewayRouteTableVirtualInterfaceGroupAssociation</S>
                <S>Get-EC2LocalGatewayRouteTableVpcAssociation</S>
                <S>Get-EC2LocalGatewayVirtualInterface</S>
                <S>Get-EC2LocalGatewayVirtualInterfaceGroup</S>
                <S>Get-EC2ManagedPrefixList</S>
                <S>Get-EC2ManagedPrefixListAssociation</S>
                <S>Get-EC2ManagedPrefixListEntry</S>
                <S>Get-EC2MovingAddress</S>
                <S>Get-EC2NatGateway</S>
                <S>Get-EC2NetworkAcl</S>
                <S>Get-EC2NetworkInsightsAnalysis</S>
                <S>Get-EC2NetworkInsightsPath</S>
                <S>Get-EC2NetworkInterface</S>
                <S>Get-EC2NetworkInterfaceAttribute</S>
                <S>Get-EC2NetworkInterfacePermission</S>
                <S>Get-EC2PasswordData</S>
                <S>Get-EC2PlacementGroup</S>
                <S>Get-EC2PrefixList</S>
                <S>Get-EC2PrincipalIdFormat</S>
                <S>Get-EC2PublicIpv4Pool</S>
                <S>Get-EC2Region</S>
                <S>Get-EC2ReplaceRootVolumeTask</S>
                <S>Get-EC2ReservedInstance</S>
                <S>Get-EC2ReservedInstancesExchangeQuote</S>
                <S>Get-EC2ReservedInstancesListing</S>
                <S>Get-EC2ReservedInstancesModification</S>
                <S>Get-EC2ReservedInstancesOffering</S>
                <S>Get-EC2RouteTable</S>
                <S>Get-EC2ScheduledInstance</S>
                <S>Get-EC2ScheduledInstanceAvailability</S>
                <S>Get-EC2SecurityGroup</S>
                <S>Get-EC2SecurityGroupReference</S>
                <S>Get-EC2SerialConsoleAccessStatus</S>
                <S>Get-EC2Snapshot</S>
                <S>Get-EC2SnapshotAttribute</S>
                <S>Get-EC2SpotDatafeedSubscription</S>
                <S>Get-EC2SpotFleetInstance</S>
                <S>Get-EC2SpotFleetRequest</S>
                <S>Get-EC2SpotFleetRequestHistory</S>
                <S>Get-EC2SpotInstanceRequest</S>
                <S>Get-EC2SpotPriceHistory</S>
                <S>Get-EC2StaleSecurityGroup</S>
                <S>Get-EC2StoreImageTask</S>
                <S>Get-EC2Subnet</S>
                <S>Get-EC2Tag</S>
                <S>Get-EC2Template</S>
                <S>Get-EC2TemplateVersion</S>
                <S>Get-EC2TrafficMirrorFilter</S>
                <S>Get-EC2TrafficMirrorSession</S>
                <S>Get-EC2TrafficMirrorTarget</S>
                <S>Get-EC2TransitGateway</S>
                <S>Get-EC2TransitGatewayAttachment</S>
                <S>Get-EC2TransitGatewayAttachmentPropagation</S>
                <S>Get-EC2TransitGatewayConnect</S>
                <S>Get-EC2TransitGatewayConnectPeer</S>
                <S>Get-EC2TransitGatewayMulticastDomain</S>
                <S>Get-EC2TransitGatewayMulticastDomainAssociation</S>
                <S>Get-EC2TransitGatewayPeeringAttachment</S>
                <S>Get-EC2TransitGatewayPrefixListReference</S>
                <S>Get-EC2TransitGatewayRouteTable</S>
                <S>Get-EC2TransitGatewayRouteTableAssociation</S>
                <S>Get-EC2TransitGatewayRouteTablePropagation</S>
                <S>Get-EC2TransitGatewayVpcAttachment</S>
                <S>Get-EC2TrunkInterfaceAssociation</S>
                <S>Get-EC2Volume</S>
                <S>Get-EC2VolumeAttribute</S>
                <S>Get-EC2VolumeModification</S>
                <S>Get-EC2VolumeStatus</S>
                <S>Get-EC2Vpc</S>
                <S>Get-EC2VpcAttribute</S>
                <S>Get-EC2VpcClassicLink</S>
                <S>Get-EC2VpcClassicLinkDnsSupport</S>
                <S>Get-EC2VpcEndpoint</S>
                <S>Get-EC2VpcEndpointService</S>
                <S>Get-EC2VpcPeeringConnection</S>
                <S>Get-EC2VpnConnection</S>
                <S>Get-EC2VpnGateway</S>
                <S>Grant-EC2ClientVpnIngress</S>
                <S>Grant-EC2SecurityGroupEgress</S>
                <S>Grant-EC2SecurityGroupIngress</S>
                <S>Import-EC2ClientVpnClientCertificateRevocationList</S>
                <S>Import-EC2Image</S>
                <S>Import-EC2KeyPair</S>
                <S>Import-EC2Snapshot</S>
                <S>Move-EC2AddressToVpc</S>
                <S>New-EC2Address</S>
                <S>New-EC2CarrierGateway</S>
                <S>New-EC2ClientVpnEndpoint</S>
                <S>New-EC2ClientVpnRoute</S>
                <S>New-EC2CustomerGateway</S>
                <S>New-EC2DefaultSubnet</S>
                <S>New-EC2DefaultVpc</S>
                <S>New-EC2DhcpOption</S>
                <S>New-EC2EgressOnlyInternetGateway</S>
                <S>New-EC2Fleet</S>
                <S>New-EC2FlowLog</S>
                <S>New-EC2FpgaImage</S>
                <S>New-EC2Host</S>
                <S>New-EC2HostReservation</S>
                <S>New-EC2Image</S>
                <S>New-EC2Instance</S>
                <S>New-EC2InstanceBundle</S>
                <S>New-EC2InstanceExportTask</S>
                <S>New-EC2InternetGateway</S>
                <S>New-EC2KeyPair</S>
                <S>New-EC2LaunchTemplate</S>
                <S>New-EC2LaunchTemplateVersion</S>
                <S>New-EC2LocalGatewayRoute</S>
                <S>New-EC2LocalGatewayRouteTableVpcAssociation</S>
                <S>New-EC2ManagedPrefixList</S>
                <S>New-EC2NatGateway</S>
                <S>New-EC2NetworkAcl</S>
                <S>New-EC2NetworkAclEntry</S>
                <S>New-EC2NetworkInsightsPath</S>
                <S>New-EC2NetworkInterface</S>
                <S>New-EC2NetworkInterfacePermission</S>
                <S>New-EC2PlacementGroup</S>
                <S>New-EC2ReplaceRootVolumeTask</S>
                <S>New-EC2ReservedInstance</S>
                <S>New-EC2ReservedInstancesListing</S>
                <S>New-EC2RestoreImageTask</S>
                <S>New-EC2Route</S>
                <S>New-EC2RouteTable</S>
                <S>New-EC2ScheduledInstance</S>
                <S>New-EC2ScheduledInstancePurchase</S>
                <S>New-EC2SecurityGroup</S>
                <S>New-EC2Snapshot</S>
                <S>New-EC2SnapshotBatch</S>
                <S>New-EC2SpotDatafeedSubscription</S>
                <S>New-EC2StoreImageTask</S>
                <S>New-EC2Subnet</S>
                <S>New-EC2Tag</S>
                <S>New-EC2TrafficMirrorFilter</S>
                <S>New-EC2TrafficMirrorFilterRule</S>
                <S>New-EC2TrafficMirrorSession</S>
                <S>New-EC2TrafficMirrorTarget</S>
                <S>New-EC2TransitGateway</S>
                <S>New-EC2TransitGatewayConnect</S>
                <S>New-EC2TransitGatewayConnectPeer</S>
                <S>New-EC2TransitGatewayMulticastDomain</S>
                <S>New-EC2TransitGatewayPeeringAttachment</S>
                <S>New-EC2TransitGatewayPrefixListReference</S>
                <S>New-EC2TransitGatewayRoute</S>
                <S>New-EC2TransitGatewayRouteTable</S>
                <S>New-EC2TransitGatewayVpcAttachment</S>
                <S>New-EC2Volume</S>
                <S>New-EC2Vpc</S>
                <S>New-EC2VpcEndpoint</S>
                <S>New-EC2VpcEndpointConnectionNotification</S>
                <S>New-EC2VpcEndpointServiceConfiguration</S>
                <S>New-EC2VpcPeeringConnection</S>
                <S>New-EC2VpnConnection</S>
                <S>New-EC2VpnConnectionRoute</S>
                <S>New-EC2VpnGateway</S>
                <S>Register-EC2Address</S>
                <S>Register-EC2ByoipCidr</S>
                <S>Register-EC2ClientVpnTargetNetwork</S>
                <S>Register-EC2DhcpOption</S>
                <S>Register-EC2EnclaveCertificateIamRole</S>
                <S>Register-EC2IamInstanceProfile</S>
                <S>Register-EC2Image</S>
                <S>Register-EC2InstanceEventNotificationAttribute</S>
                <S>Register-EC2Ipv6AddressList</S>
                <S>Register-EC2PrivateIpAddress</S>
                <S>Register-EC2RouteTable</S>
                <S>Register-EC2SubnetCidrBlock</S>
                <S>Register-EC2TransitGatewayMulticastDomain</S>
                <S>Register-EC2TransitGatewayMulticastGroupMember</S>
                <S>Register-EC2TransitGatewayMulticastGroupSource</S>
                <S>Register-EC2TransitGatewayRouteTable</S>
                <S>Register-EC2TrunkInterface</S>
                <S>Register-EC2VpcCidrBlock</S>
                <S>Remove-EC2Address</S>
                <S>Remove-EC2CapacityReservation</S>
                <S>Remove-EC2CarrierGateway</S>
                <S>Remove-EC2ClientVpnEndpoint</S>
                <S>Remove-EC2ClientVpnRoute</S>
                <S>Remove-EC2CustomerGateway</S>
                <S>Remove-EC2DhcpOption</S>
                <S>Remove-EC2EgressOnlyInternetGateway</S>
                <S>Remove-EC2EndpointConnectionNotification</S>
                <S>Remove-EC2EndpointServiceConfiguration</S>
                <S>Remove-EC2Fleet</S>
                <S>Remove-EC2FlowLog</S>
                <S>Remove-EC2FpgaImage</S>
                <S>Remove-EC2Host</S>
                <S>Remove-EC2Instance</S>
                <S>Remove-EC2InternetGateway</S>
                <S>Remove-EC2KeyPair</S>
                <S>Remove-EC2LaunchTemplate</S>
                <S>Remove-EC2LocalGatewayRoute</S>
                <S>Remove-EC2LocalGatewayRouteTableVpcAssociation</S>
                <S>Remove-EC2ManagedPrefixList</S>
                <S>Remove-EC2NatGateway</S>
                <S>Remove-EC2NetworkAcl</S>
                <S>Remove-EC2NetworkAclEntry</S>
                <S>Remove-EC2NetworkInsightsAnalysis</S>
                <S>Remove-EC2NetworkInsightsPath</S>
                <S>Remove-EC2NetworkInterface</S>
                <S>Remove-EC2NetworkInterfacePermission</S>
                <S>Remove-EC2PlacementGroup</S>
                <S>Remove-EC2QueuedReservedInstance</S>
                <S>Remove-EC2Route</S>
                <S>Remove-EC2RouteTable</S>
                <S>Remove-EC2SecurityGroup</S>
                <S>Remove-EC2Snapshot</S>
                <S>Remove-EC2SpotDatafeedSubscription</S>
                <S>Remove-EC2Subnet</S>
                <S>Remove-EC2Tag</S>
                <S>Remove-EC2TemplateVersion</S>
                <S>Remove-EC2TrafficMirrorFilter</S>
                <S>Remove-EC2TrafficMirrorFilterRule</S>
                <S>Remove-EC2TrafficMirrorSession</S>
                <S>Remove-EC2TrafficMirrorTarget</S>
                <S>Remove-EC2TransitGateway</S>
                <S>Remove-EC2TransitGatewayConnect</S>
                <S>Remove-EC2TransitGatewayConnectPeer</S>
                <S>Remove-EC2TransitGatewayMulticastDomain</S>
                <S>Remove-EC2TransitGatewayPeeringAttachment</S>
                <S>Remove-EC2TransitGatewayPrefixListReference</S>
                <S>Remove-EC2TransitGatewayRoute</S>
                <S>Remove-EC2TransitGatewayRouteTable</S>
                <S>Remove-EC2TransitGatewayVpcAttachment</S>
                <S>Remove-EC2Volume</S>
                <S>Remove-EC2Vpc</S>
                <S>Remove-EC2VpcEndpoint</S>
                <S>Remove-EC2VpcPeeringConnection</S>
                <S>Remove-EC2VpnConnection</S>
                <S>Remove-EC2VpnConnectionRoute</S>
                <S>Remove-EC2VpnGateway</S>
                <S>Request-EC2SpotFleet</S>
                <S>Request-EC2SpotInstance</S>
                <S>Reset-EC2AddressAttribute</S>
                <S>Reset-EC2EbsDefaultKmsKeyId</S>
                <S>Reset-EC2FpgaImageAttribute</S>
                <S>Reset-EC2ImageAttribute</S>
                <S>Reset-EC2InstanceAttribute</S>
                <S>Reset-EC2NetworkInterfaceAttribute</S>
                <S>Reset-EC2SnapshotAttribute</S>
                <S>Restart-EC2Instance</S>
                <S>Restore-EC2AddressToClassic</S>
                <S>Restore-EC2ManagedPrefixListVersion</S>
                <S>Revoke-EC2ClientVpnIngress</S>
                <S>Revoke-EC2SecurityGroupEgress</S>
                <S>Revoke-EC2SecurityGroupIngress</S>
                <S>Search-EC2LocalGatewayRoute</S>
                <S>Search-EC2TransitGatewayMulticastGroup</S>
                <S>Search-EC2TransitGatewayRoute</S>
                <S>Send-EC2DiagnosticInterrupt</S>
                <S>Send-EC2InstanceStatus</S>
                <S>Set-EC2IamInstanceProfileAssociation</S>
                <S>Set-EC2NetworkAclAssociation</S>
                <S>Set-EC2NetworkAclEntry</S>
                <S>Set-EC2Route</S>
                <S>Set-EC2RouteTableAssociation</S>
                <S>Set-EC2TransitGatewayRoute</S>
                <S>Start-EC2ByoipCidrAdvertisement</S>
                <S>Start-EC2Instance</S>
                <S>Start-EC2InstanceMonitoring</S>
                <S>Start-EC2NetworkInsightsAnalysis</S>
                <S>Start-EC2VpcEndpointServicePrivateDnsVerification</S>
                <S>Stop-EC2BundleTask</S>
                <S>Stop-EC2ByoipCidrAdvertisement</S>
                <S>Stop-EC2ClientVpnConnection</S>
                <S>Stop-EC2ExportTask</S>
                <S>Stop-EC2ImportTask</S>
                <S>Stop-EC2Instance</S>
                <S>Stop-EC2InstanceMonitoring</S>
                <S>Stop-EC2ReservedInstancesListing</S>
                <S>Stop-EC2SpotFleetRequest</S>
                <S>Stop-EC2SpotInstanceRequest</S>
                <S>Unregister-EC2Address</S>
                <S>Unregister-EC2ByoipCidr</S>
                <S>Unregister-EC2ClientVpnTargetNetwork</S>
                <S>Unregister-EC2EnclaveCertificateIamRole</S>
                <S>Unregister-EC2IamInstanceProfile</S>
                <S>Unregister-EC2Image</S>
                <S>Unregister-EC2InstanceEventNotificationAttribute</S>
                <S>Unregister-EC2Ipv6AddressList</S>
                <S>Unregister-EC2PrivateIpAddress</S>
                <S>Unregister-EC2RouteTable</S>
                <S>Unregister-EC2SubnetCidrBlock</S>
                <S>Unregister-EC2TransitGatewayMulticastDomain</S>
                <S>Unregister-EC2TransitGatewayMulticastGroupMember</S>
                <S>Unregister-EC2TransitGatewayMulticastGroupSource</S>
                <S>Unregister-EC2TransitGatewayRouteTable</S>
                <S>Unregister-EC2TrunkInterface</S>
                <S>Unregister-EC2VpcCidrBlock</S>
                <S>Update-EC2SecurityGroupRuleEgressDescription</S>
                <S>Update-EC2SecurityGroupRuleIngressDescription</S>
              </LST>
            </Obj>
          </En>
          <En>
            <S N="Key">Function</S>
            <Obj N="Value" RefId="4">
              <TNRef RefId="1" />
              <LST />
            </Obj>
          </En>
          <En>
            <S N="Key">Command</S>
            <Obj N="Value" RefId="5">
              <TNRef RefId="1" />
              <LST>
                <S>Add-EC2CapacityReservation</S>
                <S>Add-EC2ClassicLinkVpc</S>
                <S>Add-EC2InternetGateway</S>
                <S>Add-EC2NetworkInterface</S>
                <S>Add-EC2SecurityGroupToClientVpnTargetNetwork</S>
                <S>Add-EC2Volume</S>
                <S>Add-EC2VpnGateway</S>
                <S>Approve-EC2EndpointConnection</S>
                <S>Approve-EC2ReservedInstancesExchangeQuote</S>
                <S>Approve-EC2TransitGatewayMulticastDomainAssociation</S>
                <S>Approve-EC2TransitGatewayPeeringAttachment</S>
                <S>Approve-EC2TransitGatewayVpcAttachment</S>
                <S>Approve-EC2VpcPeeringConnection</S>
                <S>Confirm-EC2ProductInstance</S>
                <S>Copy-EC2FpgaImage</S>
                <S>Copy-EC2Image</S>
                <S>Copy-EC2Snapshot</S>
                <S>Deny-EC2EndpointConnection</S>
                <S>Deny-EC2TransitGatewayMulticastDomainAssociation</S>
                <S>Deny-EC2TransitGatewayPeeringAttachment</S>
                <S>Deny-EC2TransitGatewayVpcAttachment</S>
                <S>Deny-EC2VpcPeeringConnection</S>
                <S>Disable-EC2EbsEncryptionByDefault</S>
                <S>Disable-EC2FastSnapshotRestore</S>
                <S>Disable-EC2ImageDeprecation</S>
                <S>Disable-EC2SerialConsoleAccess</S>
                <S>Disable-EC2TransitGatewayRouteTablePropagation</S>
                <S>Disable-EC2VgwRoutePropagation</S>
                <S>Disable-EC2VpcClassicLink</S>
                <S>Disable-EC2VpcClassicLinkDnsSupport</S>
                <S>Dismount-EC2ClassicLinkVpc</S>
                <S>Dismount-EC2InternetGateway</S>
                <S>Dismount-EC2NetworkInterface</S>
                <S>Dismount-EC2Volume</S>
                <S>Dismount-EC2VpnGateway</S>
                <S>Edit-EC2AddressAttribute</S>
                <S>Edit-EC2AvailabilityZoneGroup</S>
                <S>Edit-EC2CapacityReservation</S>
                <S>Edit-EC2ClientVpnEndpoint</S>
                <S>Edit-EC2DefaultCreditSpecification</S>
                <S>Edit-EC2EbsDefaultKmsKeyId</S>
                <S>Edit-EC2EndpointServicePermission</S>
                <S>Edit-EC2Fleet</S>
                <S>Edit-EC2FpgaImageAttribute</S>
                <S>Edit-EC2Host</S>
                <S>Edit-EC2IdentityIdFormat</S>
                <S>Edit-EC2IdFormat</S>
                <S>Edit-EC2ImageAttribute</S>
                <S>Edit-EC2InstanceAttribute</S>
                <S>Edit-EC2InstanceCapacityReservationAttribute</S>
                <S>Edit-EC2InstanceCreditSpecification</S>
                <S>Edit-EC2InstanceEventStartTime</S>
                <S>Edit-EC2InstanceMetadataOption</S>
                <S>Edit-EC2InstancePlacement</S>
                <S>Edit-EC2LaunchTemplate</S>
                <S>Edit-EC2ManagedPrefixList</S>
                <S>Edit-EC2NetworkInterfaceAttribute</S>
                <S>Edit-EC2ReservedInstance</S>
                <S>Edit-EC2SnapshotAttribute</S>
                <S>Edit-EC2SpotFleetRequest</S>
                <S>Edit-EC2SubnetAttribute</S>
                <S>Edit-EC2TrafficMirrorFilterNetworkService</S>
                <S>Edit-EC2TrafficMirrorFilterRule</S>
                <S>Edit-EC2TrafficMirrorSession</S>
                <S>Edit-EC2TransitGateway</S>
                <S>Edit-EC2TransitGatewayPrefixListReference</S>
                <S>Edit-EC2TransitGatewayVpcAttachment</S>
                <S>Edit-EC2Volume</S>
                <S>Edit-EC2VolumeAttribute</S>
                <S>Edit-EC2VpcAttribute</S>
                <S>Edit-EC2VpcEndpoint</S>
                <S>Edit-EC2VpcEndpointConnectionNotification</S>
                <S>Edit-EC2VpcEndpointServiceConfiguration</S>
                <S>Edit-EC2VpcPeeringConnectionOption</S>
                <S>Edit-EC2VpcTenancy</S>
                <S>Edit-EC2VpnConnection</S>
                <S>Edit-EC2VpnConnectionOption</S>
                <S>Edit-EC2VpnTunnelCertificate</S>
                <S>Edit-EC2VpnTunnelOption</S>
                <S>Enable-EC2EbsEncryptionByDefault</S>
                <S>Enable-EC2FastSnapshotRestore</S>
                <S>Enable-EC2ImageDeprecation</S>
                <S>Enable-EC2SerialConsoleAccess</S>
                <S>Enable-EC2TransitGatewayRouteTablePropagation</S>
                <S>Enable-EC2VgwRoutePropagation</S>
                <S>Enable-EC2VolumeIO</S>
                <S>Enable-EC2VpcClassicLink</S>
                <S>Enable-EC2VpcClassicLinkDnsSupport</S>
                <S>Export-EC2ClientVpnClientCertificateRevocationList</S>
                <S>Export-EC2ClientVpnClientConfiguration</S>
                <S>Export-EC2Image</S>
                <S>Export-EC2TransitGatewayRoute</S>
                <S>Get-EC2AccountAttribute</S>
                <S>Get-EC2Address</S>
                <S>Get-EC2AddressesAttribute</S>
                <S>Get-EC2AggregateIdFormat</S>
                <S>Get-EC2AssociatedEnclaveCertificateIamRole</S>
                <S>Get-EC2AssociatedIpv6PoolCidr</S>
                <S>Get-EC2AvailabilityZone</S>
                <S>Get-EC2BundleTask</S>
                <S>Get-EC2ByoipCidr</S>
                <S>Get-EC2CapacityReservation</S>
                <S>Get-EC2CapacityReservationUsage</S>
                <S>Get-EC2CarrierGateway</S>
                <S>Get-EC2ClassicLinkInstance</S>
                <S>Get-EC2ClientVpnAuthorizationRule</S>
                <S>Get-EC2ClientVpnConnection</S>
                <S>Get-EC2ClientVpnEndpoint</S>
                <S>Get-EC2ClientVpnRoute</S>
                <S>Get-EC2ClientVpnTargetNetwork</S>
                <S>Get-EC2CoipPool</S>
                <S>Get-EC2CoipPoolUsage</S>
                <S>Get-EC2ConsoleOutput</S>
                <S>Get-EC2ConsoleScreenshot</S>
                <S>Get-EC2CreditSpecification</S>
                <S>Get-EC2CustomerGateway</S>
                <S>Get-EC2DefaultCreditSpecification</S>
                <S>Get-EC2DhcpOption</S>
                <S>Get-EC2EbsDefaultKmsKeyId</S>
                <S>Get-EC2EbsEncryptionByDefault</S>
                <S>Get-EC2EgressOnlyInternetGatewayList</S>
                <S>Get-EC2ElasticGpu</S>
                <S>Get-EC2EndpointConnection</S>
                <S>Get-EC2EndpointConnectionNotification</S>
                <S>Get-EC2EndpointServiceConfiguration</S>
                <S>Get-EC2EndpointServicePermission</S>
                <S>Get-EC2ExportImageTask</S>
                <S>Get-EC2ExportTask</S>
                <S>Get-EC2FastSnapshotRestore</S>
                <S>Get-EC2FleetHistory</S>
                <S>Get-EC2FleetInstanceList</S>
                <S>Get-EC2FleetList</S>
                <S>Get-EC2FlowLog</S>
                <S>Get-EC2FlowLogsIntegrationTemplate</S>
                <S>Get-EC2FpgaImage</S>
                <S>Get-EC2FpgaImageAttribute</S>
                <S>Get-EC2GroupsForCapacityReservation</S>
                <S>Get-EC2Host</S>
                <S>Get-EC2HostReservation</S>
                <S>Get-EC2HostReservationOffering</S>
                <S>Get-EC2HostReservationPurchasePreview</S>
                <S>Get-EC2IamInstanceProfileAssociation</S>
                <S>Get-EC2IdentityIdFormat</S>
                <S>Get-EC2IdFormat</S>
                <S>Get-EC2Image</S>
                <S>Get-EC2ImageAttribute</S>
                <S>Get-EC2ImageByName</S>
                <S>Get-EC2ImportImageTask</S>
                <S>Get-EC2ImportSnapshotTask</S>
                <S>Get-EC2Instance</S>
                <S>Get-EC2InstanceAttribute</S>
                <S>Get-EC2InstanceEventNotificationAttribute</S>
                <S>Get-EC2InstanceMetadata</S>
                <S>Get-EC2InstanceStatus</S>
                <S>Get-EC2InstanceType</S>
                <S>Get-EC2InstanceTypeOffering</S>
                <S>Get-EC2InternetGateway</S>
                <S>Get-EC2Ipv6Pool</S>
                <S>Get-EC2KeyPair</S>
                <S>Get-EC2LaunchTemplateData</S>
                <S>Get-EC2LocalGateway</S>
                <S>Get-EC2LocalGatewayRouteTable</S>
                <S>Get-EC2LocalGatewayRouteTableVirtualInterfaceGroupAssociation</S>
                <S>Get-EC2LocalGatewayRouteTableVpcAssociation</S>
                <S>Get-EC2LocalGatewayVirtualInterface</S>
                <S>Get-EC2LocalGatewayVirtualInterfaceGroup</S>
                <S>Get-EC2ManagedPrefixList</S>
                <S>Get-EC2ManagedPrefixListAssociation</S>
                <S>Get-EC2ManagedPrefixListEntry</S>
                <S>Get-EC2MovingAddress</S>
                <S>Get-EC2NatGateway</S>
                <S>Get-EC2NetworkAcl</S>
                <S>Get-EC2NetworkInsightsAnalysis</S>
                <S>Get-EC2NetworkInsightsPath</S>
                <S>Get-EC2NetworkInterface</S>
                <S>Get-EC2NetworkInterfaceAttribute</S>
                <S>Get-EC2NetworkInterfacePermission</S>
                <S>Get-EC2PasswordData</S>
                <S>Get-EC2PlacementGroup</S>
                <S>Get-EC2PrefixList</S>
                <S>Get-EC2PrincipalIdFormat</S>
                <S>Get-EC2PublicIpv4Pool</S>
                <S>Get-EC2Region</S>
                <S>Get-EC2ReplaceRootVolumeTask</S>
                <S>Get-EC2ReservedInstance</S>
                <S>Get-EC2ReservedInstancesExchangeQuote</S>
                <S>Get-EC2ReservedInstancesListing</S>
                <S>Get-EC2ReservedInstancesModification</S>
                <S>Get-EC2ReservedInstancesOffering</S>
                <S>Get-EC2RouteTable</S>
                <S>Get-EC2ScheduledInstance</S>
                <S>Get-EC2ScheduledInstanceAvailability</S>
                <S>Get-EC2SecurityGroup</S>
                <S>Get-EC2SecurityGroupReference</S>
                <S>Get-EC2SerialConsoleAccessStatus</S>
                <S>Get-EC2Snapshot</S>
                <S>Get-EC2SnapshotAttribute</S>
                <S>Get-EC2SpotDatafeedSubscription</S>
                <S>Get-EC2SpotFleetInstance</S>
                <S>Get-EC2SpotFleetRequest</S>
                <S>Get-EC2SpotFleetRequestHistory</S>
                <S>Get-EC2SpotInstanceRequest</S>
                <S>Get-EC2SpotPriceHistory</S>
                <S>Get-EC2StaleSecurityGroup</S>
                <S>Get-EC2StoreImageTask</S>
                <S>Get-EC2Subnet</S>
                <S>Get-EC2Tag</S>
                <S>Get-EC2Template</S>
                <S>Get-EC2TemplateVersion</S>
                <S>Get-EC2TrafficMirrorFilter</S>
                <S>Get-EC2TrafficMirrorSession</S>
                <S>Get-EC2TrafficMirrorTarget</S>
                <S>Get-EC2TransitGateway</S>
                <S>Get-EC2TransitGatewayAttachment</S>
                <S>Get-EC2TransitGatewayAttachmentPropagation</S>
                <S>Get-EC2TransitGatewayConnect</S>
                <S>Get-EC2TransitGatewayConnectPeer</S>
                <S>Get-EC2TransitGatewayMulticastDomain</S>
                <S>Get-EC2TransitGatewayMulticastDomainAssociation</S>
                <S>Get-EC2TransitGatewayPeeringAttachment</S>
                <S>Get-EC2TransitGatewayPrefixListReference</S>
                <S>Get-EC2TransitGatewayRouteTable</S>
                <S>Get-EC2TransitGatewayRouteTableAssociation</S>
                <S>Get-EC2TransitGatewayRouteTablePropagation</S>
                <S>Get-EC2TransitGatewayVpcAttachment</S>
                <S>Get-EC2TrunkInterfaceAssociation</S>
                <S>Get-EC2Volume</S>
                <S>Get-EC2VolumeAttribute</S>
                <S>Get-EC2VolumeModification</S>
                <S>Get-EC2VolumeStatus</S>
                <S>Get-EC2Vpc</S>
                <S>Get-EC2VpcAttribute</S>
                <S>Get-EC2VpcClassicLink</S>
                <S>Get-EC2VpcClassicLinkDnsSupport</S>
                <S>Get-EC2VpcEndpoint</S>
                <S>Get-EC2VpcEndpointService</S>
                <S>Get-EC2VpcPeeringConnection</S>
                <S>Get-EC2VpnConnection</S>
                <S>Get-EC2VpnGateway</S>
                <S>Grant-EC2ClientVpnIngress</S>
                <S>Grant-EC2SecurityGroupEgress</S>
                <S>Grant-EC2SecurityGroupIngress</S>
                <S>Import-EC2ClientVpnClientCertificateRevocationList</S>
                <S>Import-EC2Image</S>
                <S>Import-EC2KeyPair</S>
                <S>Import-EC2Snapshot</S>
                <S>Move-EC2AddressToVpc</S>
                <S>New-EC2Address</S>
                <S>New-EC2CarrierGateway</S>
                <S>New-EC2ClientVpnEndpoint</S>
                <S>New-EC2ClientVpnRoute</S>
                <S>New-EC2CustomerGateway</S>
                <S>New-EC2DefaultSubnet</S>
                <S>New-EC2DefaultVpc</S>
                <S>New-EC2DhcpOption</S>
                <S>New-EC2EgressOnlyInternetGateway</S>
                <S>New-EC2Fleet</S>
                <S>New-EC2FlowLog</S>
                <S>New-EC2FpgaImage</S>
                <S>New-EC2Host</S>
                <S>New-EC2HostReservation</S>
                <S>New-EC2Image</S>
                <S>New-EC2Instance</S>
                <S>New-EC2InstanceBundle</S>
                <S>New-EC2InstanceExportTask</S>
                <S>New-EC2InternetGateway</S>
                <S>New-EC2KeyPair</S>
                <S>New-EC2LaunchTemplate</S>
                <S>New-EC2LaunchTemplateVersion</S>
                <S>New-EC2LocalGatewayRoute</S>
                <S>New-EC2LocalGatewayRouteTableVpcAssociation</S>
                <S>New-EC2ManagedPrefixList</S>
                <S>New-EC2NatGateway</S>
                <S>New-EC2NetworkAcl</S>
                <S>New-EC2NetworkAclEntry</S>
                <S>New-EC2NetworkInsightsPath</S>
                <S>New-EC2NetworkInterface</S>
                <S>New-EC2NetworkInterfacePermission</S>
                <S>New-EC2PlacementGroup</S>
                <S>New-EC2ReplaceRootVolumeTask</S>
                <S>New-EC2ReservedInstance</S>
                <S>New-EC2ReservedInstancesListing</S>
                <S>New-EC2RestoreImageTask</S>
                <S>New-EC2Route</S>
                <S>New-EC2RouteTable</S>
                <S>New-EC2ScheduledInstance</S>
                <S>New-EC2ScheduledInstancePurchase</S>
                <S>New-EC2SecurityGroup</S>
                <S>New-EC2Snapshot</S>
                <S>New-EC2SnapshotBatch</S>
                <S>New-EC2SpotDatafeedSubscription</S>
                <S>New-EC2StoreImageTask</S>
                <S>New-EC2Subnet</S>
                <S>New-EC2Tag</S>
                <S>New-EC2TrafficMirrorFilter</S>
                <S>New-EC2TrafficMirrorFilterRule</S>
                <S>New-EC2TrafficMirrorSession</S>
                <S>New-EC2TrafficMirrorTarget</S>
                <S>New-EC2TransitGateway</S>
                <S>New-EC2TransitGatewayConnect</S>
                <S>New-EC2TransitGatewayConnectPeer</S>
                <S>New-EC2TransitGatewayMulticastDomain</S>
                <S>New-EC2TransitGatewayPeeringAttachment</S>
                <S>New-EC2TransitGatewayPrefixListReference</S>
                <S>New-EC2TransitGatewayRoute</S>
                <S>New-EC2TransitGatewayRouteTable</S>
                <S>New-EC2TransitGatewayVpcAttachment</S>
                <S>New-EC2Volume</S>
                <S>New-EC2Vpc</S>
                <S>New-EC2VpcEndpoint</S>
                <S>New-EC2VpcEndpointConnectionNotification</S>
                <S>New-EC2VpcEndpointServiceConfiguration</S>
                <S>New-EC2VpcPeeringConnection</S>
                <S>New-EC2VpnConnection</S>
                <S>New-EC2VpnConnectionRoute</S>
                <S>New-EC2VpnGateway</S>
                <S>Register-EC2Address</S>
                <S>Register-EC2ByoipCidr</S>
                <S>Register-EC2ClientVpnTargetNetwork</S>
                <S>Register-EC2DhcpOption</S>
                <S>Register-EC2EnclaveCertificateIamRole</S>
                <S>Register-EC2IamInstanceProfile</S>
                <S>Register-EC2Image</S>
                <S>Register-EC2InstanceEventNotificationAttribute</S>
                <S>Register-EC2Ipv6AddressList</S>
                <S>Register-EC2PrivateIpAddress</S>
                <S>Register-EC2RouteTable</S>
                <S>Register-EC2SubnetCidrBlock</S>
                <S>Register-EC2TransitGatewayMulticastDomain</S>
                <S>Register-EC2TransitGatewayMulticastGroupMember</S>
                <S>Register-EC2TransitGatewayMulticastGroupSource</S>
                <S>Register-EC2TransitGatewayRouteTable</S>
                <S>Register-EC2TrunkInterface</S>
                <S>Register-EC2VpcCidrBlock</S>
                <S>Remove-EC2Address</S>
                <S>Remove-EC2CapacityReservation</S>
                <S>Remove-EC2CarrierGateway</S>
                <S>Remove-EC2ClientVpnEndpoint</S>
                <S>Remove-EC2ClientVpnRoute</S>
                <S>Remove-EC2CustomerGateway</S>
                <S>Remove-EC2DhcpOption</S>
                <S>Remove-EC2EgressOnlyInternetGateway</S>
                <S>Remove-EC2EndpointConnectionNotification</S>
                <S>Remove-EC2EndpointServiceConfiguration</S>
                <S>Remove-EC2Fleet</S>
                <S>Remove-EC2FlowLog</S>
                <S>Remove-EC2FpgaImage</S>
                <S>Remove-EC2Host</S>
                <S>Remove-EC2Instance</S>
                <S>Remove-EC2InternetGateway</S>
                <S>Remove-EC2KeyPair</S>
                <S>Remove-EC2LaunchTemplate</S>
                <S>Remove-EC2LocalGatewayRoute</S>
                <S>Remove-EC2LocalGatewayRouteTableVpcAssociation</S>
                <S>Remove-EC2ManagedPrefixList</S>
                <S>Remove-EC2NatGateway</S>
                <S>Remove-EC2NetworkAcl</S>
                <S>Remove-EC2NetworkAclEntry</S>
                <S>Remove-EC2NetworkInsightsAnalysis</S>
                <S>Remove-EC2NetworkInsightsPath</S>
                <S>Remove-EC2NetworkInterface</S>
                <S>Remove-EC2NetworkInterfacePermission</S>
                <S>Remove-EC2PlacementGroup</S>
                <S>Remove-EC2QueuedReservedInstance</S>
                <S>Remove-EC2Route</S>
                <S>Remove-EC2RouteTable</S>
                <S>Remove-EC2SecurityGroup</S>
                <S>Remove-EC2Snapshot</S>
                <S>Remove-EC2SpotDatafeedSubscription</S>
                <S>Remove-EC2Subnet</S>
                <S>Remove-EC2Tag</S>
                <S>Remove-EC2TemplateVersion</S>
                <S>Remove-EC2TrafficMirrorFilter</S>
                <S>Remove-EC2TrafficMirrorFilterRule</S>
                <S>Remove-EC2TrafficMirrorSession</S>
                <S>Remove-EC2TrafficMirrorTarget</S>
                <S>Remove-EC2TransitGateway</S>
                <S>Remove-EC2TransitGatewayConnect</S>
                <S>Remove-EC2TransitGatewayConnectPeer</S>
                <S>Remove-EC2TransitGatewayMulticastDomain</S>
                <S>Remove-EC2TransitGatewayPeeringAttachment</S>
                <S>Remove-EC2TransitGatewayPrefixListReference</S>
                <S>Remove-EC2TransitGatewayRoute</S>
                <S>Remove-EC2TransitGatewayRouteTable</S>
                <S>Remove-EC2TransitGatewayVpcAttachment</S>
                <S>Remove-EC2Volume</S>
                <S>Remove-EC2Vpc</S>
                <S>Remove-EC2VpcEndpoint</S>
                <S>Remove-EC2VpcPeeringConnection</S>
                <S>Remove-EC2VpnConnection</S>
                <S>Remove-EC2VpnConnectionRoute</S>
                <S>Remove-EC2VpnGateway</S>
                <S>Request-EC2SpotFleet</S>
                <S>Request-EC2SpotInstance</S>
                <S>Reset-EC2AddressAttribute</S>
                <S>Reset-EC2EbsDefaultKmsKeyId</S>
                <S>Reset-EC2FpgaImageAttribute</S>
                <S>Reset-EC2ImageAttribute</S>
                <S>Reset-EC2InstanceAttribute</S>
                <S>Reset-EC2NetworkInterfaceAttribute</S>
                <S>Reset-EC2SnapshotAttribute</S>
                <S>Restart-EC2Instance</S>
                <S>Restore-EC2AddressToClassic</S>
                <S>Restore-EC2ManagedPrefixListVersion</S>
                <S>Revoke-EC2ClientVpnIngress</S>
                <S>Revoke-EC2SecurityGroupEgress</S>
                <S>Revoke-EC2SecurityGroupIngress</S>
                <S>Search-EC2LocalGatewayRoute</S>
                <S>Search-EC2TransitGatewayMulticastGroup</S>
                <S>Search-EC2TransitGatewayRoute</S>
                <S>Send-EC2DiagnosticInterrupt</S>
                <S>Send-EC2InstanceStatus</S>
                <S>Set-EC2IamInstanceProfileAssociation</S>
                <S>Set-EC2NetworkAclAssociation</S>
                <S>Set-EC2NetworkAclEntry</S>
                <S>Set-EC2Route</S>
                <S>Set-EC2RouteTableAssociation</S>
                <S>Set-EC2TransitGatewayRoute</S>
                <S>Start-EC2ByoipCidrAdvertisement</S>
                <S>Start-EC2Instance</S>
                <S>Start-EC2InstanceMonitoring</S>
                <S>Start-EC2NetworkInsightsAnalysis</S>
                <S>Start-EC2VpcEndpointServicePrivateDnsVerification</S>
                <S>Stop-EC2BundleTask</S>
                <S>Stop-EC2ByoipCidrAdvertisement</S>
                <S>Stop-EC2ClientVpnConnection</S>
                <S>Stop-EC2ExportTask</S>
                <S>Stop-EC2ImportTask</S>
                <S>Stop-EC2Instance</S>
                <S>Stop-EC2InstanceMonitoring</S>
                <S>Stop-EC2ReservedInstancesListing</S>
                <S>Stop-EC2SpotFleetRequest</S>
                <S>Stop-EC2SpotInstanceRequest</S>
                <S>Unregister-EC2Address</S>
                <S>Unregister-EC2ByoipCidr</S>
                <S>Unregister-EC2ClientVpnTargetNetwork</S>
                <S>Unregister-EC2EnclaveCertificateIamRole</S>
                <S>Unregister-EC2IamInstanceProfile</S>
                <S>Unregister-EC2Image</S>
                <S>Unregister-EC2InstanceEventNotificationAttribute</S>
                <S>Unregister-EC2Ipv6AddressList</S>
                <S>Unregister-EC2PrivateIpAddress</S>
                <S>Unregister-EC2RouteTable</S>
                <S>Unregister-EC2SubnetCidrBlock</S>
                <S>Unregister-EC2TransitGatewayMulticastDomain</S>
                <S>Unregister-EC2TransitGatewayMulticastGroupMember</S>
                <S>Unregister-EC2TransitGatewayMulticastGroupSource</S>
                <S>Unregister-EC2TransitGatewayRouteTable</S>
                <S>Unregister-EC2TrunkInterface</S>
                <S>Unregister-EC2VpcCidrBlock</S>
                <S>Update-EC2SecurityGroupRuleEgressDescription</S>
                <S>Update-EC2SecurityGroupRuleIngressDescription</S>
              </LST>
            </Obj>
          </En>
          <En>
            <S N="Key">RoleCapability</S>
            <Ref N="Value" RefId="4" />
          </En>
          <En>
            <S N="Key">Workflow</S>
            <Ref N="Value" RefId="4" />
          </En>
          <En>
            <S N="Key">DscResource</S>
            <Ref N="Value" RefId="4" />
          </En>
        </DCT>
      </Obj>
      <Nil N="PowerShellGetFormatVersion" />
      <S N="ReleaseNotes">https://github.com/aws/aws-tools-for-powershell/blob/master/CHANGELOG.md</S>
      <Obj N="Dependencies" RefId="6">
        <TNRef RefId="1" />
        <LST>
          <Obj RefId="7">
            <TN RefId="3">
              <T>System.Collections.Specialized.OrderedDictionary</T>
              <T>System.Object</T>
            </TN>
            <DCT>
              <En>
                <S N="Key">Name</S>
                <S N="Value">AWS.Tools.Common</S>
              </En>
              <En>
                <S N="Key">RequiredVersion</S>
                <S N="Value">4.1.14</S>
              </En>
              <En>
                <S N="Key">CanonicalId</S>
                <S N="Value">nuget:AWS.Tools.Common/[4.1.14]</S>
              </En>
            </DCT>
          </Obj>
        </LST>
      </Obj>
      <S N="RepositorySourceLocation">https://www.powershellgallery.com/api/v2</S>
      <S N="Repository">PSGallery</S>
      <S N="PackageManagementProvider">NuGet</S>
      <Obj N="AdditionalMetadata" RefId="8">
        <TN RefId="4">
          <T>System.Management.Automation.PSCustomObject</T>
          <T>System.Object</T>
        </TN>
        <MS>
          <S N="copyright">Copyright 2012-2021 Amazon.com, Inc. or its affiliates. All Rights Reserved.</S>
          <S N="description">The EC2 module of AWS Tools for PowerShell lets developers and administrators manage Amazon Elastic Compute Cloud (EC2) from the PowerShell scripting environment. In order to manage each AWS service, install the corresponding module (e.g. AWS.Tools.EC2, AWS.Tools.S3...)._x000D__x000A_The module AWS.Tools.Installer (https://www.powershellgallery.com/packages/AWS.Tools.Installer/) makes it easier to install, update and uninstall the AWS.Tools modules._x000D__x000A_This version of AWS Tools for PowerShell is compatible with Windows PowerShell 5.1+ and PowerShell Core 6+ on Windows, Linux and macOS. When running on Windows PowerShell, .NET Framework 4.7.2 or newer is required. Alternative modules AWSPowerShell.NetCore and AWSPowerShell, provide support for all AWS services from a single module and also support older versions of Windows PowerShell and .NET Framework.</S>
          <S N="requireLicenseAcceptance">False</S>
          <S N="releaseNotes">https://github.com/aws/aws-tools-for-powershell/blob/master/CHANGELOG.md</S>
          <S N="isLatestVersion">True</S>
          <S N="isAbsoluteLatestVersion">True</S>
          <S N="versionDownloadCount">52321</S>
          <S N="downloadCount">300896</S>
          <S N="packageSize">1928912</S>
          <S N="published">25/06/2021 01:46:44 +01:00</S>
          <S N="created">25/06/2021 01:46:44 +01:00</S>
          <S N="lastUpdated">10/09/2021 11:24:48 +01:00</S>
          <S N="tags">AWS cloud Windows PSEdition_Desktop PSEdition_Core Linux MacOS Mac PSModule PSCmdlet_Add-EC2CapacityReservation PSCommand_Add-EC2CapacityReservation PSCmdlet_Add-EC2ClassicLinkVpc PSCommand_Add-EC2ClassicLinkVpc PSCmdlet_Add-EC2InternetGateway PSCommand_Add-EC2InternetGateway PSCmdlet_Add-EC2NetworkInterface PSCommand_Add-EC2NetworkInterface PSCmdlet_Add-EC2SecurityGroupToClientVpnTargetNetwork PSCommand_Add-EC2SecurityGroupToClientVpnTargetNetwork PSCmdlet_Add-EC2Volume PSCommand_Add-EC2Volume PSCmdlet_Add-EC2VpnGateway PSCommand_Add-EC2VpnGateway PSCmdlet_Approve-EC2EndpointConnection PSCommand_Approve-EC2EndpointConnection PSCmdlet_Approve-EC2ReservedInstancesExchangeQuote PSCommand_Approve-EC2ReservedInstancesExchangeQuote PSCmdlet_Approve-EC2TransitGatewayMulticastDomainAssociation PSCommand_Approve-EC2TransitGatewayMulticastDomainAssociation PSCmdlet_Approve-EC2TransitGatewayPeeringAttachment PSCommand_Approve-EC2TransitGatewayPeeringAttachment PSCmdlet_Approve-EC2TransitGatewayVpcAttachment PSCommand_Approve-EC2TransitGatewayVpcAttachment PSCmdlet_Approve-EC2VpcPeeringConnection PSCommand_Approve-EC2VpcPeeringConnection PSCmdlet_Confirm-EC2ProductInstance PSCommand_Confirm-EC2ProductInstance PSCmdlet_Copy-EC2FpgaImage PSCommand_Copy-EC2FpgaImage PSCmdlet_Copy-EC2Image PSCommand_Copy-EC2Image PSCmdlet_Copy-EC2Snapshot PSCommand_Copy-EC2Snapshot PSCmdlet_Deny-EC2EndpointConnection PSCommand_Deny-EC2EndpointConnection PSCmdlet_Deny-EC2TransitGatewayMulticastDomainAssociation PSCommand_Deny-EC2TransitGatewayMulticastDomainAssociation PSCmdlet_Deny-EC2TransitGatewayPeeringAttachment PSCommand_Deny-EC2TransitGatewayPeeringAttachment PSCmdlet_Deny-EC2TransitGatewayVpcAttachment PSCommand_Deny-EC2TransitGatewayVpcAttachment PSCmdlet_Deny-EC2VpcPeeringConnection PSCommand_Deny-EC2VpcPeeringConnection PSCmdlet_Disable-EC2EbsEncryptionByDefault PSCommand_Disable-EC2EbsEncryptionByDefault PSCmdlet_Disable-EC2FastSnapshotRestore PSCommand_Disable-EC2FastSnapshotRestore PSCmdlet_Disable-EC2ImageDeprecation PSCommand_Disable-EC2ImageDeprecation PSCmdlet_Disable-EC2SerialConsoleAccess PSCommand_Disable-EC2SerialConsoleAccess PSCmdlet_Disable-EC2TransitGatewayRouteTablePropagation PSCommand_Disable-EC2TransitGatewayRouteTablePropagation PSCmdlet_Disable-EC2VgwRoutePropagation PSCommand_Disable-EC2VgwRoutePropagation PSCmdlet_Disable-EC2VpcClassicLink PSCommand_Disable-EC2VpcClassicLink PSCmdlet_Disable-EC2VpcClassicLinkDnsSupport PSCommand_Disable-EC2VpcClassicLinkDnsSupport PSCmdlet_Dismount-EC2ClassicLinkVpc PSCommand_Dismount-EC2ClassicLinkVpc PSCmdlet_Dismount-EC2InternetGateway PSCommand_Dismount-EC2InternetGateway PSCmdlet_Dismount-EC2NetworkInterface PSCommand_Dismount-EC2NetworkInterface PSCmdlet_Dismount-EC2Volume PSCommand_Dismount-EC2Volume PSCmdlet_Dismount-EC2VpnGateway PSCommand_Dismount-EC2VpnGateway PSCmdlet_Edit-EC2AddressAttribute PSCommand_Edit-EC2AddressAttribute PSCmdlet_Edit-EC2AvailabilityZoneGroup PSCommand_Edit-EC2AvailabilityZoneGroup PSCmdlet_Edit-EC2CapacityReservation PSCommand_Edit-EC2CapacityReservation PSCmdlet_Edit-EC2ClientVpnEndpoint PSCommand_Edit-EC2ClientVpnEndpoint PSCmdlet_Edit-EC2DefaultCreditSpecification PSCommand_Edit-EC2DefaultCreditSpecification PSCmdlet_Edit-EC2EbsDefaultKmsKeyId PSCommand_Edit-EC2EbsDefaultKmsKeyId PSCmdlet_Edit-EC2EndpointServicePermission PSCommand_Edit-EC2EndpointServicePermission PSCmdlet_Edit-EC2Fleet PSCommand_Edit-EC2Fleet PSCmdlet_Edit-EC2FpgaImageAttribute PSCommand_Edit-EC2FpgaImageAttribute PSCmdlet_Edit-EC2Host PSCommand_Edit-EC2Host PSCmdlet_Edit-EC2IdentityIdFormat PSCommand_Edit-EC2IdentityIdFormat PSCmdlet_Edit-EC2IdFormat PSCommand_Edit-EC2IdFormat PSCmdlet_Edit-EC2ImageAttribute PSCommand_Edit-EC2ImageAttribute PSCmdlet_Edit-EC2InstanceAttribute PSCommand_Edit-EC2InstanceAttribute PSCmdlet_Edit-EC2InstanceCapacityReservationAttribute PSCommand_Edit-EC2InstanceCapacityReservationAttribute PSCmdlet_Edit-EC2InstanceCreditSpecification PSCommand_Edit-EC2InstanceCreditSpecification PSCmdlet_Edit-EC2InstanceEventStartTime PSCommand_Edit-EC2InstanceEventStartTime PSCmdlet_Edit-EC2InstanceMetadataOption PSCommand_Edit-EC2InstanceMetadataOption PSCmdlet_Edit-EC2InstancePlacement PSCommand_Edit-EC2InstancePlacement PSCmdlet_Edit-EC2LaunchTemplate PSCommand_Edit-EC2LaunchTemplate PSCmdlet_Edit-EC2ManagedPrefixList PSCommand_Edit-EC2ManagedPrefixList PSCmdlet_Edit-EC2NetworkInterfaceAttribute PSCommand_Edit-EC2NetworkInterfaceAttribute PSCmdlet_Edit-EC2ReservedInstance PSCommand_Edit-EC2ReservedInstance PSCmdlet_Edit-EC2SnapshotAttribute PSCommand_Edit-EC2SnapshotAttribute PSCmdlet_Edit-EC2SpotFleetRequest PSCommand_Edit-EC2SpotFleetRequest PSCmdlet_Edit-EC2SubnetAttribute PSCommand_Edit-EC2SubnetAttribute PSCmdlet_Edit-EC2TrafficMirrorFilterNetworkService PSCommand_Edit-EC2TrafficMirrorFilterNetworkService PSCmdlet_Edit-EC2TrafficMirrorFilterRule PSCommand_Edit-EC2TrafficMirrorFilterRule PSCmdlet_Edit-EC2TrafficMirrorSession PSCommand_Edit-EC2TrafficMirrorSession PSCmdlet_Edit-EC2TransitGateway PSCommand_Edit-EC2TransitGateway PSCmdlet_Edit-EC2TransitGatewayPrefixListReference PSCommand_Edit-EC2TransitGatewayPrefixListReference PSCmdlet_Edit-EC2TransitGatewayVpcAttachment PSCommand_Edit-EC2TransitGatewayVpcAttachment PSCmdlet_Edit-EC2Volume PSCommand_Edit-EC2Volume PSCmdlet_Edit-EC2VolumeAttribute PSCommand_Edit-EC2VolumeAttribute PSCmdlet_Edit-EC2VpcAttribute PSCommand_Edit-EC2VpcAttribute PSCmdlet_Edit-EC2VpcEndpoint PSCommand_Edit-EC2VpcEndpoint PSCmdlet_Edit-EC2VpcEndpointConnectionNotification PSCommand_Edit-EC2VpcEndpointConnectionNotification PSCmdlet_Edit-EC2VpcEndpointServiceConfiguration PSCommand_Edit-EC2VpcEndpointServiceConfiguration PSCmdlet_Edit-EC2VpcPeeringConnectionOption PSCommand_Edit-EC2VpcPeeringConnectionOption PSCmdlet_Edit-EC2VpcTenancy PSCommand_Edit-EC2VpcTenancy PSCmdlet_Edit-EC2VpnConnection PSCommand_Edit-EC2VpnConnection PSCmdlet_Edit-EC2VpnConnectionOption PSCommand_Edit-EC2VpnConnectionOption PSCmdlet_Edit-EC2VpnTunnelCertificate PSCommand_Edit-EC2VpnTunnelCertificate PSCmdlet_Edit-EC2VpnTunnelOption PSCommand_Edit-EC2VpnTunnelOption PSCmdlet_Enable-EC2EbsEncryptionByDefault PSCommand_Enable-EC2EbsEncryptionByDefault PSCmdlet_Enable-EC2FastSnapshotRestore PSCommand_Enable-EC2FastSnapshotRestore PSCmdlet_Enable-EC2ImageDeprecation PSCommand_Enable-EC2ImageDeprecation PSCmdlet_Enable-EC2SerialConsoleAccess PSCommand_Enable-EC2SerialConsoleAccess PSCmdlet_Enable-EC2TransitGatewayRouteTablePropagation PSCommand_Enable-EC2TransitGatewayRouteTablePropagation PSCmdlet_Enable-EC2VgwRoutePropagation PSCommand_Enable-EC2VgwRoutePropagation PSCmdlet_Enable-EC2VolumeIO PSCommand_Enable-EC2VolumeIO PSCmdlet_Enable-EC2VpcClassicLink PSCommand_Enable-EC2VpcClassicLink PSCmdlet_Enable-EC2VpcClassicLinkDnsSupport PSCommand_Enable-EC2VpcClassicLinkDnsSupport PSCmdlet_Export-EC2ClientVpnClientCertificateRevocationList PSCommand_Export-EC2ClientVpnClientCertificateRevocationList PSCmdlet_Export-EC2ClientVpnClientConfiguration PSCommand_Export-EC2ClientVpnClientConfiguration PSCmdlet_Export-EC2Image PSCommand_Export-EC2Image PSCmdlet_Export-EC2TransitGatewayRoute PSCommand_Export-EC2TransitGatewayRoute PSCmdlet_Get-EC2AccountAttribute PSCommand_Get-EC2AccountAttribute PSCmdlet_Get-EC2Address PSCommand_Get-EC2Address PSCmdlet_Get-EC2AddressesAttribute PSCommand_Get-EC2AddressesAttribute PSCmdlet_Get-EC2AggregateIdFormat PSCommand_Get-EC2AggregateIdFormat PSCmdlet_Get-EC2AssociatedEnclaveCertificateIamRole PSCommand_Get-EC2AssociatedEnclaveCertificateIamRole PSCmdlet_Get-EC2AssociatedIpv6PoolCidr PSCommand_Get-EC2AssociatedIpv6PoolCidr PSCmdlet_Get-EC2AvailabilityZone PSCommand_Get-EC2AvailabilityZone PSCmdlet_Get-EC2BundleTask PSCommand_Get-EC2BundleTask PSCmdlet_Get-EC2ByoipCidr PSCommand_Get-EC2ByoipCidr PSCmdlet_Get-EC2CapacityReservation PSCommand_Get-EC2CapacityReservation PSCmdlet_Get-EC2CapacityReservationUsage PSCommand_Get-EC2CapacityReservationUsage PSCmdlet_Get-EC2CarrierGateway PSCommand_Get-EC2CarrierGateway PSCmdlet_Get-EC2ClassicLinkInstance PSCommand_Get-EC2ClassicLinkInstance PSCmdlet_Get-EC2ClientVpnAuthorizationRule PSCommand_Get-EC2ClientVpnAuthorizationRule PSCmdlet_Get-EC2ClientVpnConnection PSCommand_Get-EC2ClientVpnConnection PSCmdlet_Get-EC2ClientVpnEndpoint PSCommand_Get-EC2ClientVpnEndpoint PSCmdlet_Get-EC2ClientVpnRoute PSCommand_Get-EC2ClientVpnRoute PSCmdlet_Get-EC2ClientVpnTargetNetwork PSCommand_Get-EC2ClientVpnTargetNetwork PSCmdlet_Get-EC2CoipPool PSCommand_Get-EC2CoipPool PSCmdlet_Get-EC2CoipPoolUsage PSCommand_Get-EC2CoipPoolUsage PSCmdlet_Get-EC2ConsoleOutput PSCommand_Get-EC2ConsoleOutput PSCmdlet_Get-EC2ConsoleScreenshot PSCommand_Get-EC2ConsoleScreenshot PSCmdlet_Get-EC2CreditSpecification PSCommand_Get-EC2CreditSpecification PSCmdlet_Get-EC2CustomerGateway PSCommand_Get-EC2CustomerGateway PSCmdlet_Get-EC2DefaultCreditSpecification PSCommand_Get-EC2DefaultCreditSpecification PSCmdlet_Get-EC2DhcpOption PSCommand_Get-EC2DhcpOption PSCmdlet_Get-EC2EbsDefaultKmsKeyId PSCommand_Get-EC2EbsDefaultKmsKeyId PSCmdlet_Get-EC2EbsEncryptionByDefault PSCommand_Get-EC2EbsEncryptionByDefault PSCmdlet_Get-EC2EgressOnlyInternetGatewayList PSCommand_Get-EC2EgressOnlyInternetGatewayList PSCmdlet_Get-EC2ElasticGpu PSCommand_Get-EC2ElasticGpu PSCmdlet_Get-EC2EndpointConnection PSCommand_Get-EC2EndpointConnection PSCmdlet_Get-EC2EndpointConnectionNotification PSCommand_Get-EC2EndpointConnectionNotification PSCmdlet_Get-EC2EndpointServiceConfiguration PSCommand_Get-EC2EndpointServiceConfiguration PSCmdlet_Get-EC2EndpointServicePermission PSCommand_Get-EC2EndpointServicePermission PSCmdlet_Get-EC2ExportImageTask PSCommand_Get-EC2ExportImageTask PSCmdlet_Get-EC2ExportTask PSCommand_Get-EC2ExportTask PSCmdlet_Get-EC2FastSnapshotRestore PSCommand_Get-EC2FastSnapshotRestore PSCmdlet_Get-EC2FleetHistory PSCommand_Get-EC2FleetHistory PSCmdlet_Get-EC2FleetInstanceList PSCommand_Get-EC2FleetInstanceList PSCmdlet_Get-EC2FleetList PSCommand_Get-EC2FleetList PSCmdlet_Get-EC2FlowLog PSCommand_Get-EC2FlowLog PSCmdlet_Get-EC2FlowLogsIntegrationTemplate PSCommand_Get-EC2FlowLogsIntegrationTemplate PSCmdlet_Get-EC2FpgaImage PSCommand_Get-EC2FpgaImage PSCmdlet_Get-EC2FpgaImageAttribute PSCommand_Get-EC2FpgaImageAttribute PSCmdlet_Get-EC2GroupsForCapacityReservation PSCommand_Get-EC2GroupsForCapacityReservation PSCmdlet_Get-EC2Host PSCommand_Get-EC2Host PSCmdlet_Get-EC2HostReservation PSCommand_Get-EC2HostReservation PSCmdlet_Get-EC2HostReservationOffering PSCommand_Get-EC2HostReservationOffering PSCmdlet_Get-EC2HostReservationPurchasePreview PSCommand_Get-EC2HostReservationPurchasePreview PSCmdlet_Get-EC2IamInstanceProfileAssociation PSCommand_Get-EC2IamInstanceProfileAssociation PSCmdlet_Get-EC2IdentityIdFormat PSCommand_Get-EC2IdentityIdFormat PSCmdlet_Get-EC2IdFormat PSCommand_Get-EC2IdFormat PSCmdlet_Get-EC2Image PSCommand_Get-EC2Image PSCmdlet_Get-EC2ImageAttribute PSCommand_Get-EC2ImageAttribute PSCmdlet_Get-EC2ImageByName PSCommand_Get-EC2ImageByName PSCmdlet_Get-EC2ImportImageTask PSCommand_Get-EC2ImportImageTask PSCmdlet_Get-EC2ImportSnapshotTask PSCommand_Get-EC2ImportSnapshotTask PSCmdlet_Get-EC2Instance PSCommand_Get-EC2Instance PSCmdlet_Get-EC2InstanceAttribute PSCommand_Get-EC2InstanceAttribute PSCmdlet_Get-EC2InstanceEventNotificationAttribute PSCommand_Get-EC2InstanceEventNotificationAttribute PSCmdlet_Get-EC2InstanceMetadata PSCommand_Get-EC2InstanceMetadata PSCmdlet_Get-EC2InstanceStatus PSCommand_Get-EC2InstanceStatus PSCmdlet_Get-EC2InstanceType PSCommand_Get-EC2InstanceType PSCmdlet_Get-EC2InstanceTypeOffering PSCommand_Get-EC2InstanceTypeOffering PSCmdlet_Get-EC2InternetGateway PSCommand_Get-EC2InternetGateway PSCmdlet_Get-EC2Ipv6Pool PSCommand_Get-EC2Ipv6Pool PSCmdlet_Get-EC2KeyPair PSCommand_Get-EC2KeyPair PSCmdlet_Get-EC2LaunchTemplateData PSCommand_Get-EC2LaunchTemplateData PSCmdlet_Get-EC2LocalGateway PSCommand_Get-EC2LocalGateway PSCmdlet_Get-EC2LocalGatewayRouteTable PSCommand_Get-EC2LocalGatewayRouteTable PSCmdlet_Get-EC2LocalGatewayRouteTableVirtualInterfaceGroupAssociation PSCommand_Get-EC2LocalGatewayRouteTableVirtualInterfaceGroupAssociation PSCmdlet_Get-EC2LocalGatewayRouteTableVpcAssociation PSCommand_Get-EC2LocalGatewayRouteTableVpcAssociation PSCmdlet_Get-EC2LocalGatewayVirtualInterface PSCommand_Get-EC2LocalGatewayVirtualInterface PSCmdlet_Get-EC2LocalGatewayVirtualInterfaceGroup PSCommand_Get-EC2LocalGatewayVirtualInterfaceGroup PSCmdlet_Get-EC2ManagedPrefixList PSCommand_Get-EC2ManagedPrefixList PSCmdlet_Get-EC2ManagedPrefixListAssociation PSCommand_Get-EC2ManagedPrefixListAssociation PSCmdlet_Get-EC2ManagedPrefixListEntry PSCommand_Get-EC2ManagedPrefixListEntry PSCmdlet_Get-EC2MovingAddress PSCommand_Get-EC2MovingAddress PSCmdlet_Get-EC2NatGateway PSCommand_Get-EC2NatGateway PSCmdlet_Get-EC2NetworkAcl PSCommand_Get-EC2NetworkAcl PSCmdlet_Get-EC2NetworkInsightsAnalysis PSCommand_Get-EC2NetworkInsightsAnalysis PSCmdlet_Get-EC2NetworkInsightsPath PSCommand_Get-EC2NetworkInsightsPath PSCmdlet_Get-EC2NetworkInterface PSCommand_Get-EC2NetworkInterface PSCmdlet_Get-EC2NetworkInterfaceAttribute PSCommand_Get-EC2NetworkInterfaceAttribute PSCmdlet_Get-EC2NetworkInterfacePermission PSCommand_Get-EC2NetworkInterfacePermission PSCmdlet_Get-EC2PasswordData PSCommand_Get-EC2PasswordData PSCmdlet_Get-EC2PlacementGroup PSCommand_Get-EC2PlacementGroup PSCmdlet_Get-EC2PrefixList PSCommand_Get-EC2PrefixList PSCmdlet_Get-EC2PrincipalIdFormat PSCommand_Get-EC2PrincipalIdFormat PSCmdlet_Get-EC2PublicIpv4Pool PSCommand_Get-EC2PublicIpv4Pool PSCmdlet_Get-EC2Region PSCommand_Get-EC2Region PSCmdlet_Get-EC2ReplaceRootVolumeTask PSCommand_Get-EC2ReplaceRootVolumeTask PSCmdlet_Get-EC2ReservedInstance PSCommand_Get-EC2ReservedInstance PSCmdlet_Get-EC2ReservedInstancesExchangeQuote PSCommand_Get-EC2ReservedInstancesExchangeQuote PSCmdlet_Get-EC2ReservedInstancesListing PSCommand_Get-EC2ReservedInstancesListing PSCmdlet_Get-EC2ReservedInstancesModification PSCommand_Get-EC2ReservedInstancesModification PSCmdlet_Get-EC2ReservedInstancesOffering PSCommand_Get-EC2ReservedInstancesOffering PSCmdlet_Get-EC2RouteTable PSCommand_Get-EC2RouteTable PSCmdlet_Get-EC2ScheduledInstance PSCommand_Get-EC2ScheduledInstance PSCmdlet_Get-EC2ScheduledInstanceAvailability PSCommand_Get-EC2ScheduledInstanceAvailability PSCmdlet_Get-EC2SecurityGroup PSCommand_Get-EC2SecurityGroup PSCmdlet_Get-EC2SecurityGroupReference PSCommand_Get-EC2SecurityGroupReference PSCmdlet_Get-EC2SerialConsoleAccessStatus PSCommand_Get-EC2SerialConsoleAccessStatus PSCmdlet_Get-EC2Snapshot PSCommand_Get-EC2Snapshot PSCmdlet_Get-EC2SnapshotAttribute PSCommand_Get-EC2SnapshotAttribute PSCmdlet_Get-EC2SpotDatafeedSubscription PSCommand_Get-EC2SpotDatafeedSubscription PSCmdlet_Get-EC2SpotFleetInstance PSCommand_Get-EC2SpotFleetInstance PSCmdlet_Get-EC2SpotFleetRequest PSCommand_Get-EC2SpotFleetRequest PSCmdlet_Get-EC2SpotFleetRequestHistory PSCommand_Get-EC2SpotFleetRequestHistory PSCmdlet_Get-EC2SpotInstanceRequest PSCommand_Get-EC2SpotInstanceRequest PSCmdlet_Get-EC2SpotPriceHistory PSCommand_Get-EC2SpotPriceHistory PSCmdlet_Get-EC2StaleSecurityGroup PSCommand_Get-EC2StaleSecurityGroup PSCmdlet_Get-EC2StoreImageTask PSCommand_Get-EC2StoreImageTask PSCmdlet_Get-EC2Subnet PSCommand_Get-EC2Subnet PSCmdlet_Get-EC2Tag PSCommand_Get-EC2Tag PSCmdlet_Get-EC2Template PSCommand_Get-EC2Template PSCmdlet_Get-EC2TemplateVersion PSCommand_Get-EC2TemplateVersion PSCmdlet_Get-EC2TrafficMirrorFilter PSCommand_Get-EC2TrafficMirrorFilter PSCmdlet_Get-EC2TrafficMirrorSession PSCommand_Get-EC2TrafficMirrorSession PSCmdlet_Get-EC2TrafficMirrorTarget PSCommand_Get-EC2TrafficMirrorTarget PSCmdlet_Get-EC2TransitGateway PSCommand_Get-EC2TransitGateway PSCmdlet_Get-EC2TransitGatewayAttachment PSCommand_Get-EC2TransitGatewayAttachment PSCmdlet_Get-EC2TransitGatewayAttachmentPropagation PSCommand_Get-EC2TransitGatewayAttachmentPropagation PSCmdlet_Get-EC2TransitGatewayConnect PSCommand_Get-EC2TransitGatewayConnect PSCmdlet_Get-EC2TransitGatewayConnectPeer PSCommand_Get-EC2TransitGatewayConnectPeer PSCmdlet_Get-EC2TransitGatewayMulticastDomain PSCommand_Get-EC2TransitGatewayMulticastDomain PSCmdlet_Get-EC2TransitGatewayMulticastDomainAssociation PSCommand_Get-EC2TransitGatewayMulticastDomainAssociation PSCmdlet_Get-EC2TransitGatewayPeeringAttachment PSCommand_Get-EC2TransitGatewayPeeringAttachment PSCmdlet_Get-EC2TransitGatewayPrefixListReference PSCommand_Get-EC2TransitGatewayPrefixListReference PSCmdlet_Get-EC2TransitGatewayRouteTable PSCommand_Get-EC2TransitGatewayRouteTable PSCmdlet_Get-EC2TransitGatewayRouteTableAssociation PSCommand_Get-EC2TransitGatewayRouteTableAssociation PSCmdlet_Get-EC2TransitGatewayRouteTablePropagation PSCommand_Get-EC2TransitGatewayRouteTablePropagation PSCmdlet_Get-EC2TransitGatewayVpcAttachment PSCommand_Get-EC2TransitGatewayVpcAttachment PSCmdlet_Get-EC2TrunkInterfaceAssociation PSCommand_Get-EC2TrunkInterfaceAssociation PSCmdlet_Get-EC2Volume PSCommand_Get-EC2Volume PSCmdlet_Get-EC2VolumeAttribute PSCommand_Get-EC2VolumeAttribute PSCmdlet_Get-EC2VolumeModification PSCommand_Get-EC2VolumeModification PSCmdlet_Get-EC2VolumeStatus PSCommand_Get-EC2VolumeStatus PSCmdlet_Get-EC2Vpc PSCommand_Get-EC2Vpc PSCmdlet_Get-EC2VpcAttribute PSCommand_Get-EC2VpcAttribute PSCmdlet_Get-EC2VpcClassicLink PSCommand_Get-EC2VpcClassicLink PSCmdlet_Get-EC2VpcClassicLinkDnsSupport PSCommand_Get-EC2VpcClassicLinkDnsSupport PSCmdlet_Get-EC2VpcEndpoint PSCommand_Get-EC2VpcEndpoint PSCmdlet_Get-EC2VpcEndpointService PSCommand_Get-EC2VpcEndpointService PSCmdlet_Get-EC2VpcPeeringConnection PSCommand_Get-EC2VpcPeeringConnection PSCmdlet_Get-EC2VpnConnection PSCommand_Get-EC2VpnConnection PSCmdlet_Get-EC2VpnGateway PSCommand_Get-EC2VpnGateway PSCmdlet_Grant-EC2ClientVpnIngress PSCommand_Grant-EC2ClientVpnIngress PSCmdlet_Grant-EC2SecurityGroupEgress PSCommand_Grant-EC2SecurityGroupEgress PSCmdlet_Grant-EC2SecurityGroupIngress PSCommand_Grant-EC2SecurityGroupIngress PSCmdlet_Import-EC2ClientVpnClientCertificateRevocationList PSCommand_Import-EC2ClientVpnClientCertificateRevocationList PSCmdlet_Import-EC2Image PSCommand_Import-EC2Image PSCmdlet_Import-EC2KeyPair PSCommand_Import-EC2KeyPair PSCmdlet_Import-EC2Snapshot PSCommand_Import-EC2Snapshot PSCmdlet_Move-EC2AddressToVpc PSCommand_Move-EC2AddressToVpc PSCmdlet_New-EC2Address PSCommand_New-EC2Address PSCmdlet_New-EC2CarrierGateway PSCommand_New-EC2CarrierGateway PSCmdlet_New-EC2ClientVpnEndpoint PSCommand_New-EC2ClientVpnEndpoint PSCmdlet_New-EC2ClientVpnRoute PSCommand_New-EC2ClientVpnRoute PSCmdlet_New-EC2CustomerGateway PSCommand_New-EC2CustomerGateway PSCmdlet_New-EC2DefaultSubnet PSCommand_New-EC2DefaultSubnet PSCmdlet_New-EC2DefaultVpc PSCommand_New-EC2DefaultVpc PSCmdlet_New-EC2DhcpOption PSCommand_New-EC2DhcpOption PSCmdlet_New-EC2EgressOnlyInternetGateway PSCommand_New-EC2EgressOnlyInternetGateway PSCmdlet_New-EC2Fleet PSCommand_New-EC2Fleet PSCmdlet_New-EC2FlowLog PSCommand_New-EC2FlowLog PSCmdlet_New-EC2FpgaImage PSCommand_New-EC2FpgaImage PSCmdlet_New-EC2Host PSCommand_New-EC2Host PSCmdlet_New-EC2HostReservation PSCommand_New-EC2HostReservation PSCmdlet_New-EC2Image PSCommand_New-EC2Image PSCmdlet_New-EC2Instance PSCommand_New-EC2Instance PSCmdlet_New-EC2InstanceBundle PSCommand_New-EC2InstanceBundle PSCmdlet_New-EC2InstanceExportTask PSCommand_New-EC2InstanceExportTask PSCmdlet_New-EC2InternetGateway PSCommand_New-EC2InternetGateway PSCmdlet_New-EC2KeyPair PSCommand_New-EC2KeyPair PSCmdlet_New-EC2LaunchTemplate PSCommand_New-EC2LaunchTemplate PSCmdlet_New-EC2LaunchTemplateVersion PSCommand_New-EC2LaunchTemplateVersion PSCmdlet_New-EC2LocalGatewayRoute PSCommand_New-EC2LocalGatewayRoute PSCmdlet_New-EC2LocalGatewayRouteTableVpcAssociation PSCommand_New-EC2LocalGatewayRouteTableVpcAssociation PSCmdlet_New-EC2ManagedPrefixList PSCommand_New-EC2ManagedPrefixList PSCmdlet_New-EC2NatGateway PSCommand_New-EC2NatGateway PSCmdlet_New-EC2NetworkAcl PSCommand_New-EC2NetworkAcl PSCmdlet_New-EC2NetworkAclEntry PSCommand_New-EC2NetworkAclEntry PSCmdlet_New-EC2NetworkInsightsPath PSCommand_New-EC2NetworkInsightsPath PSCmdlet_New-EC2NetworkInterface PSCommand_New-EC2NetworkInterface PSCmdlet_New-EC2NetworkInterfacePermission PSCommand_New-EC2NetworkInterfacePermission PSCmdlet_New-EC2PlacementGroup PSCommand_New-EC2PlacementGroup PSCmdlet_New-EC2ReplaceRootVolumeTask PSCommand_New-EC2ReplaceRootVolumeTask PSCmdlet_New-EC2ReservedInstance PSCommand_New-EC2ReservedInstance PSCmdlet_New-EC2ReservedInstancesListing PSCommand_New-EC2ReservedInstancesListing PSCmdlet_New-EC2RestoreImageTask PSCommand_New-EC2RestoreImageTask PSCmdlet_New-EC2Route PSCommand_New-EC2Route PSCmdlet_New-EC2RouteTable PSCommand_New-EC2RouteTable PSCmdlet_New-EC2ScheduledInstance PSCommand_New-EC2ScheduledInstance PSCmdlet_New-EC2ScheduledInstancePurchase PSCommand_New-EC2ScheduledInstancePurchase PSCmdlet_New-EC2SecurityGroup PSCommand_New-EC2SecurityGroup PSCmdlet_New-EC2Snapshot PSCommand_New-EC2Snapshot PSCmdlet_New-EC2SnapshotBatch PSCommand_New-EC2SnapshotBatch PSCmdlet_New-EC2SpotDatafeedSubscription PSCommand_New-EC2SpotDatafeedSubscription PSCmdlet_New-EC2StoreImageTask PSCommand_New-EC2StoreImageTask PSCmdlet_New-EC2Subnet PSCommand_New-EC2Subnet PSCmdlet_New-EC2Tag PSCommand_New-EC2Tag PSCmdlet_New-EC2TrafficMirrorFilter PSCommand_New-EC2TrafficMirrorFilter PSCmdlet_New-EC2TrafficMirrorFilterRule PSCommand_New-EC2TrafficMirrorFilterRule PSCmdlet_New-EC2TrafficMirrorSession PSCommand_New-EC2TrafficMirrorSession PSCmdlet_New-EC2TrafficMirrorTarget PSCommand_New-EC2TrafficMirrorTarget PSCmdlet_New-EC2TransitGateway PSCommand_New-EC2TransitGateway PSCmdlet_New-EC2TransitGatewayConnect PSCommand_New-EC2TransitGatewayConnect PSCmdlet_New-EC2TransitGatewayConnectPeer PSCommand_New-EC2TransitGatewayConnectPeer PSCmdlet_New-EC2TransitGatewayMulticastDomain PSCommand_New-EC2TransitGatewayMulticastDomain PSCmdlet_New-EC2TransitGatewayPeeringAttachment PSCommand_New-EC2TransitGatewayPeeringAttachment PSCmdlet_New-EC2TransitGatewayPrefixListReference PSCommand_New-EC2TransitGatewayPrefixListReference PSCmdlet_New-EC2TransitGatewayRoute PSCommand_New-EC2TransitGatewayRoute PSCmdlet_New-EC2TransitGatewayRouteTable PSCommand_New-EC2TransitGatewayRouteTable PSCmdlet_New-EC2TransitGatewayVpcAttachment PSCommand_New-EC2TransitGatewayVpcAttachment PSCmdlet_New-EC2Volume PSCommand_New-EC2Volume PSCmdlet_New-EC2Vpc PSCommand_New-EC2Vpc PSCmdlet_New-EC2VpcEndpoint PSCommand_New-EC2VpcEndpoint PSCmdlet_New-EC2VpcEndpointConnectionNotification PSCommand_New-EC2VpcEndpointConnectionNotification PSCmdlet_New-EC2VpcEndpointServiceConfiguration PSCommand_New-EC2VpcEndpointServiceConfiguration PSCmdlet_New-EC2VpcPeeringConnection PSCommand_New-EC2VpcPeeringConnection PSCmdlet_New-EC2VpnConnection PSCommand_New-EC2VpnConnection PSCmdlet_New-EC2VpnConnectionRoute PSCommand_New-EC2VpnConnectionRoute PSCmdlet_New-EC2VpnGateway PSCommand_New-EC2VpnGateway PSCmdlet_Register-EC2Address PSCommand_Register-EC2Address PSCmdlet_Register-EC2ByoipCidr PSCommand_Register-EC2ByoipCidr PSCmdlet_Register-EC2ClientVpnTargetNetwork PSCommand_Register-EC2ClientVpnTargetNetwork PSCmdlet_Register-EC2DhcpOption PSCommand_Register-EC2DhcpOption PSCmdlet_Register-EC2EnclaveCertificateIamRole PSCommand_Register-EC2EnclaveCertificateIamRole PSCmdlet_Register-EC2IamInstanceProfile PSCommand_Register-EC2IamInstanceProfile PSCmdlet_Register-EC2Image PSCommand_Register-EC2Image PSCmdlet_Register-EC2InstanceEventNotificationAttribute PSCommand_Register-EC2InstanceEventNotificationAttribute PSCmdlet_Register-EC2Ipv6AddressList PSCommand_Register-EC2Ipv6AddressList PSCmdlet_Register-EC2PrivateIpAddress PSCommand_Register-EC2PrivateIpAddress PSCmdlet_Register-EC2RouteTable PSCommand_Register-EC2RouteTable PSCmdlet_Register-EC2SubnetCidrBlock PSCommand_Register-EC2SubnetCidrBlock PSCmdlet_Register-EC2TransitGatewayMulticastDomain PSCommand_Register-EC2TransitGatewayMulticastDomain PSCmdlet_Register-EC2TransitGatewayMulticastGroupMember PSCommand_Register-EC2TransitGatewayMulticastGroupMember PSCmdlet_Register-EC2TransitGatewayMulticastGroupSource PSCommand_Register-EC2TransitGatewayMulticastGroupSource PSCmdlet_Register-EC2TransitGatewayRouteTable PSCommand_Register-EC2TransitGatewayRouteTable PSCmdlet_Register-EC2TrunkInterface PSCommand_Register-EC2TrunkInterface PSCmdlet_Register-EC2VpcCidrBlock PSCommand_Register-EC2VpcCidrBlock PSCmdlet_Remove-EC2Address PSCommand_Remove-EC2Address PSCmdlet_Remove-EC2CapacityReservation PSCommand_Remove-EC2CapacityReservation PSCmdlet_Remove-EC2CarrierGateway PSCommand_Remove-EC2CarrierGateway PSCmdlet_Remove-EC2ClientVpnEndpoint PSCommand_Remove-EC2ClientVpnEndpoint PSCmdlet_Remove-EC2ClientVpnRoute PSCommand_Remove-EC2ClientVpnRoute PSCmdlet_Remove-EC2CustomerGateway PSCommand_Remove-EC2CustomerGateway PSCmdlet_Remove-EC2DhcpOption PSCommand_Remove-EC2DhcpOption PSCmdlet_Remove-EC2EgressOnlyInternetGateway PSCommand_Remove-EC2EgressOnlyInternetGateway PSCmdlet_Remove-EC2EndpointConnectionNotification PSCommand_Remove-EC2EndpointConnectionNotification PSCmdlet_Remove-EC2EndpointServiceConfiguration PSCommand_Remove-EC2EndpointServiceConfiguration PSCmdlet_Remove-EC2Fleet PSCommand_Remove-EC2Fleet PSCmdlet_Remove-EC2FlowLog PSCommand_Remove-EC2FlowLog PSCmdlet_Remove-EC2FpgaImage PSCommand_Remove-EC2FpgaImage PSCmdlet_Remove-EC2Host PSCommand_Remove-EC2Host PSCmdlet_Remove-EC2Instance PSCommand_Remove-EC2Instance PSCmdlet_Remove-EC2InternetGateway PSCommand_Remove-EC2InternetGateway PSCmdlet_Remove-EC2KeyPair PSCommand_Remove-EC2KeyPair PSCmdlet_Remove-EC2LaunchTemplate PSCommand_Remove-EC2LaunchTemplate PSCmdlet_Remove-EC2LocalGatewayRoute PSCommand_Remove-EC2LocalGatewayRoute PSCmdlet_Remove-EC2LocalGatewayRouteTableVpcAssociation PSCommand_Remove-EC2LocalGatewayRouteTableVpcAssociation PSCmdlet_Remove-EC2ManagedPrefixList PSCommand_Remove-EC2ManagedPrefixList PSCmdlet_Remove-EC2NatGateway PSCommand_Remove-EC2NatGateway PSCmdlet_Remove-EC2NetworkAcl PSCommand_Remove-EC2NetworkAcl PSCmdlet_Remove-EC2NetworkAclEntry PSCommand_Remove-EC2NetworkAclEntry PSCmdlet_Remove-EC2NetworkInsightsAnalysis PSCommand_Remove-EC2NetworkInsightsAnalysis PSCmdlet_Remove-EC2NetworkInsightsPath PSCommand_Remove-EC2NetworkInsightsPath PSCmdlet_Remove-EC2NetworkInterface PSCommand_Remove-EC2NetworkInterface PSCmdlet_Remove-EC2NetworkInterfacePermission PSCommand_Remove-EC2NetworkInterfacePermission PSCmdlet_Remove-EC2PlacementGroup PSCommand_Remove-EC2PlacementGroup PSCmdlet_Remove-EC2QueuedReservedInstance PSCommand_Remove-EC2QueuedReservedInstance PSCmdlet_Remove-EC2Route PSCommand_Remove-EC2Route PSCmdlet_Remove-EC2RouteTable PSCommand_Remove-EC2RouteTable PSCmdlet_Remove-EC2SecurityGroup PSCommand_Remove-EC2SecurityGroup PSCmdlet_Remove-EC2Snapshot PSCommand_Remove-EC2Snapshot PSCmdlet_Remove-EC2SpotDatafeedSubscription PSCommand_Remove-EC2SpotDatafeedSubscription PSCmdlet_Remove-EC2Subnet PSCommand_Remove-EC2Subnet PSCmdlet_Remove-EC2Tag PSCommand_Remove-EC2Tag PSCmdlet_Remove-EC2TemplateVersion PSCommand_Remove-EC2TemplateVersion PSCmdlet_Remove-EC2TrafficMirrorFilter PSCommand_Remove-EC2TrafficMirrorFilter PSCmdlet_Remove-EC2TrafficMirrorFilterRule PSCommand_Remove-EC2TrafficMirrorFilterRule PSCmdlet_Remove-EC2TrafficMirrorSession PSCommand_Remove-EC2TrafficMirrorSession PSCmdlet_Remove-EC2TrafficMirrorTarget PSCommand_Remove-EC2TrafficMirrorTarget PSCmdlet_Remove-EC2TransitGateway PSCommand_Remove-EC2TransitGateway PSCmdlet_Remove-EC2TransitGatewayConnect PSCommand_Remove-EC2TransitGatewayConnect PSCmdlet_Remove-EC2TransitGatewayConnectPeer PSCommand_Remove-EC2TransitGatewayConnectPeer PSCmdlet_Remove-EC2TransitGatewayMulticastDomain PSCommand_Remove-EC2TransitGatewayMulticastDomain PSCmdlet_Remove-EC2TransitGatewayPeeringAttachment PSCommand_Remove-EC2TransitGatewayPeeringAttachment PSCmdlet_Remove-EC2TransitGatewayPrefixListReference PSCommand_Remove-EC2TransitGatewayPrefixListReference PSCmdlet_Remove-EC2TransitGatewayRoute PSCommand_Remove-EC2TransitGatewayRoute PSCmdlet_Remove-EC2TransitGatewayRouteTable PSCommand_Remove-EC2TransitGatewayRouteTable PSCmdlet_Remove-EC2TransitGatewayVpcAttachment PSCommand_Remove-EC2TransitGatewayVpcAttachment PSCmdlet_Remove-EC2Volume PSCommand_Remove-EC2Volume PSCmdlet_Remove-EC2Vpc PSCommand_Remove-EC2Vpc PSCmdlet_Remove-EC2VpcEndpoint PSCommand_Remove-EC2VpcEndpoint PSCmdlet_Remove-EC2VpcPeeringConnection PSCommand_Remove-EC2VpcPeeringConnection PSCmdlet_Remove-EC2VpnConnection PSCommand_Remove-EC2VpnConnection PSCmdlet_Remove-EC2VpnConnectionRoute PSCommand_Remove-EC2VpnConnectionRoute PSCmdlet_Remove-EC2VpnGateway PSCommand_Remove-EC2VpnGateway PSCmdlet_Request-EC2SpotFleet PSCommand_Request-EC2SpotFleet PSCmdlet_Request-EC2SpotInstance PSCommand_Request-EC2SpotInstance PSCmdlet_Reset-EC2AddressAttribute PSCommand_Reset-EC2AddressAttribute PSCmdlet_Reset-EC2EbsDefaultKmsKeyId PSCommand_Reset-EC2EbsDefaultKmsKeyId PSCmdlet_Reset-EC2FpgaImageAttribute PSCommand_Reset-EC2FpgaImageAttribute PSCmdlet_Reset-EC2ImageAttribute PSCommand_Reset-EC2ImageAttribute PSCmdlet_Reset-EC2InstanceAttribute PSCommand_Reset-EC2InstanceAttribute PSCmdlet_Reset-EC2NetworkInterfaceAttribute PSCommand_Reset-EC2NetworkInterfaceAttribute PSCmdlet_Reset-EC2SnapshotAttribute PSCommand_Reset-EC2SnapshotAttribute PSCmdlet_Restart-EC2Instance PSCommand_Restart-EC2Instance PSCmdlet_Restore-EC2AddressToClassic PSCommand_Restore-EC2AddressToClassic PSCmdlet_Restore-EC2ManagedPrefixListVersion PSCommand_Restore-EC2ManagedPrefixListVersion PSCmdlet_Revoke-EC2ClientVpnIngress PSCommand_Revoke-EC2ClientVpnIngress PSCmdlet_Revoke-EC2SecurityGroupEgress PSCommand_Revoke-EC2SecurityGroupEgress PSCmdlet_Revoke-EC2SecurityGroupIngress PSCommand_Revoke-EC2SecurityGroupIngress PSCmdlet_Search-EC2LocalGatewayRoute PSCommand_Search-EC2LocalGatewayRoute PSCmdlet_Search-EC2TransitGatewayMulticastGroup PSCommand_Search-EC2TransitGatewayMulticastGroup PSCmdlet_Search-EC2TransitGatewayRoute PSCommand_Search-EC2TransitGatewayRoute PSCmdlet_Send-EC2DiagnosticInterrupt PSCommand_Send-EC2DiagnosticInterrupt PSCmdlet_Send-EC2InstanceStatus PSCommand_Send-EC2InstanceStatus PSCmdlet_Set-EC2IamInstanceProfileAssociation PSCommand_Set-EC2IamInstanceProfileAssociation PSCmdlet_Set-EC2NetworkAclAssociation PSCommand_Set-EC2NetworkAclAssociation PSCmdlet_Set-EC2NetworkAclEntry PSCommand_Set-EC2NetworkAclEntry PSCmdlet_Set-EC2Route PSCommand_Set-EC2Route PSCmdlet_Set-EC2RouteTableAssociation PSCommand_Set-EC2RouteTableAssociation PSCmdlet_Set-EC2TransitGatewayRoute PSCommand_Set-EC2TransitGatewayRoute PSCmdlet_Start-EC2ByoipCidrAdvertisement PSCommand_Start-EC2ByoipCidrAdvertisement PSCmdlet_Start-EC2Instance PSCommand_Start-EC2Instance PSCmdlet_Start-EC2InstanceMonitoring PSCommand_Start-EC2InstanceMonitoring PSCmdlet_Start-EC2NetworkInsightsAnalysis PSCommand_Start-EC2NetworkInsightsAnalysis PSCmdlet_Start-EC2VpcEndpointServicePrivateDnsVerification PSCommand_Start-EC2VpcEndpointServicePrivateDnsVerification PSCmdlet_Stop-EC2BundleTask PSCommand_Stop-EC2BundleTask PSCmdlet_Stop-EC2ByoipCidrAdvertisement PSCommand_Stop-EC2ByoipCidrAdvertisement PSCmdlet_Stop-EC2ClientVpnConnection PSCommand_Stop-EC2ClientVpnConnection PSCmdlet_Stop-EC2ExportTask PSCommand_Stop-EC2ExportTask PSCmdlet_Stop-EC2ImportTask PSCommand_Stop-EC2ImportTask PSCmdlet_Stop-EC2Instance PSCommand_Stop-EC2Instance PSCmdlet_Stop-EC2InstanceMonitoring PSCommand_Stop-EC2InstanceMonitoring PSCmdlet_Stop-EC2ReservedInstancesListing PSCommand_Stop-EC2ReservedInstancesListing PSCmdlet_Stop-EC2SpotFleetRequest PSCommand_Stop-EC2SpotFleetRequest PSCmdlet_Stop-EC2SpotInstanceRequest PSCommand_Stop-EC2SpotInstanceRequest PSCmdlet_Unregister-EC2Address PSCommand_Unregister-EC2Address PSCmdlet_Unregister-EC2ByoipCidr PSCommand_Unregister-EC2ByoipCidr PSCmdlet_Unregister-EC2ClientVpnTargetNetwork PSCommand_Unregister-EC2ClientVpnTargetNetwork PSCmdlet_Unregister-EC2EnclaveCertificateIamRole PSCommand_Unregister-EC2EnclaveCertificateIamRole PSCmdlet_Unregister-EC2IamInstanceProfile PSCommand_Unregister-EC2IamInstanceProfile PSCmdlet_Unregister-EC2Image PSCommand_Unregister-EC2Image PSCmdlet_Unregister-EC2InstanceEventNotificationAttribute PSCommand_Unregister-EC2InstanceEventNotificationAttribute PSCmdlet_Unregister-EC2Ipv6AddressList PSCommand_Unregister-EC2Ipv6AddressList PSCmdlet_Unregister-EC2PrivateIpAddress PSCommand_Unregister-EC2PrivateIpAddress PSCmdlet_Unregister-EC2RouteTable PSCommand_Unregister-EC2RouteTable PSCmdlet_Unregister-EC2SubnetCidrBlock PSCommand_Unregister-EC2SubnetCidrBlock PSCmdlet_Unregister-EC2TransitGatewayMulticastDomain PSCommand_Unregister-EC2TransitGatewayMulticastDomain PSCmdlet_Unregister-EC2TransitGatewayMulticastGroupMember PSCommand_Unregister-EC2TransitGatewayMulticastGroupMember PSCmdlet_Unregister-EC2TransitGatewayMulticastGroupSource PSCommand_Unregister-EC2TransitGatewayMulticastGroupSource PSCmdlet_Unregister-EC2TransitGatewayRouteTable PSCommand_Unregister-EC2TransitGatewayRouteTable PSCmdlet_Unregister-EC2TrunkInterface PSCommand_Unregister-EC2TrunkInterface PSCmdlet_Unregister-EC2VpcCidrBlock PSCommand_Unregister-EC2VpcCidrBlock PSCmdlet_Update-EC2SecurityGroupRuleEgressDescription PSCommand_Update-EC2SecurityGroupRuleEgressDescription PSCmdlet_Update-EC2SecurityGroupRuleIngressDescription PSCommand_Update-EC2SecurityGroupRuleIngressDescription PSIncludes_Cmdlet</S>
          <S N="developmentDependency">False</S>
          <S N="updated">2021-09-10T11:24:48Z</S>
          <S N="NormalizedVersion">4.1.14</S>
          <S N="Authors">Amazon.com Inc</S>
          <S N="IsPrerelease">false</S>
          <S N="ItemType">Module</S>
          <S N="FileList">AWS.Tools.EC2.nuspec|AWS.Tools.EC2.Aliases.psm1|AWS.Tools.EC2.Completers.psm1|AWS.Tools.EC2.dll|AWS.Tools.EC2.dll-Help.xml|AWS.Tools.EC2.Format.ps1xml|AWS.Tools.EC2.psd1|AWS.Tools.EC2.XML|AWSSDK.EC2.dll</S>
          <S N="GUID">beb2445c-fd90-4fda-adf1-f8c955ce16dc</S>
          <S N="PowerShellVersion">5.1</S>
          <S N="DotNetFrameworkVersion">4.7.2</S>
          <S N="CompanyName">Amazon.com, Inc</S>
        </MS>
      </Obj>
      <S N="InstalledLocation">C:\Users\george\AppData\Local\Temp\manage_asg\Modules\AWS.Tools.EC2\4.1.14.0</S>
    </MS>
  </Obj>
</Objs>
